Date,Close,High,Low,Open,Volume,SMA_10,SMA_30,RSI
2020-01-30,9508.9931640625,9553.1259765625,9230.8974609375,9316.0166015625,32378792851,8833.74306640625,8357.228515625,67.26951414805804
2020-01-31,9350.529296875,9521.7060546875,9230.7763671875,9508.3134765625,29432489719,8894.20654296875,8428.907014973958,59.46489558740391
2020-02-01,9392.875,9439.3232421875,9313.2392578125,9346.357421875,25922656496,8965.4064453125,8509.153841145833,59.978512987907166
2020-02-02,9344.365234375,9468.7978515625,9217.82421875,9389.8203125,30835736946,9059.19140625,8575.803206380207,65.43497414650393
2020-02-03,9293.521484375,9540.3720703125,9248.6337890625,9344.68359375,30934096509,9144.00009765625,8638.565364583334,65.36410527458318
2020-02-04,9180.962890625,9331.265625,9112.8115234375,9292.841796875,29893183716,9225.31162109375,8697.553548177084,60.39007985372589
2020-02-05,9613.423828125,9701.2998046875,9163.7041015625,9183.416015625,35222060874,9326.97099609375,8759.027034505209,68.94564318991374
2020-02-06,9729.8017578125,9824.619140625,9539.818359375,9617.8212890625,37628823716,9408.96923828125,8811.230680338542,78.7279718895
2020-02-07,9795.943359375,9834.716796875,9726.0029296875,9726.0029296875,34522718159,9452.70458984375,8868.433365885418,78.97646674765734
2020-02-08,9865.119140625,9876.7490234375,9678.91015625,9793.0703125,35172043762,9507.553515625,8934.6349609375,82.24177451033995
2020-02-09,10116.673828125,10129.435546875,9850.392578125,9863.89453125,35807884663,9568.32158203125,8999.638948567708,82.41274516991116
2020-02-10,9856.611328125,10165.765625,9784.5634765625,10115.5595703125,39386548075,9618.92978515625,9060.274739583334,70.65798114453034
2020-02-11,10208.236328125,10210.052734375,9729.3349609375,9855.8916015625,37648059389,9700.46591796875,9127.466145833334,69.35904339351434
2020-02-12,10326.0546875,10393.611328125,10202.3876953125,10202.3876953125,43444303830,9798.63486328125,9200.19482421875,72.23107129292164
2020-02-13,10214.3798828125,10457.626953125,10116.1611328125,10323.9609375,49356071373,9890.720703125,9246.41533203125,66.10756394269109
2020-02-14,10312.1162109375,10321.99609375,10125.5341796875,10211.55078125,43338264162,10003.83603515625,9296.585514322916,72.58427718799126
2020-02-15,9889.4248046875,10341.5556640625,9874.427734375,10313.8564453125,43865054831,10031.4361328125,9335.44013671875,59.894460027095256
2020-02-16,9934.43359375,10053.96875,9722.38671875,9889.1796875,43374780305,10051.89931640625,9368.9533203125,61.77437810518702
2020-02-17,9690.142578125,9938.8154296875,9507.6376953125,9936.560546875,45998298413,10041.31923828125,9393.864453125,57.34707256767288
2020-02-18,10141.99609375,10161.935546875,9632.3828125,9691.23046875,47271023953,10069.00693359375,9441.722819010416,65.81441256593504
2020-02-19,9633.38671875,10191.67578125,9611.2236328125,10143.798828125,46992019710,10020.67822265625,9474.247623697916,50.3204706130235
2020-02-20,9608.4755859375,9643.216796875,9507.900390625,9629.3251953125,44925260237,9995.8646484375,9503.000325520834,47.99338439324097
2020-02-21,9686.44140625,9723.0146484375,9589.7431640625,9611.7822265625,40930547513,9943.68515625,9536.519173177083,48.196001181536374
2020-02-22,9663.181640625,9698.2314453125,9600.728515625,9687.70703125,35838025154,9877.3978515625,9578.408040364584,46.62205959226346
2020-02-23,9924.515625,9937.404296875,9657.791015625,9663.318359375,41185185761,9848.41142578125,9627.7107421875,46.796126369099525
2020-02-24,9650.1748046875,9951.74609375,9537.04296875,9921.5830078125,45080496648,9782.21728515625,9670.45498046875,46.57437281939175
2020-02-25,9341.705078125,9652.7373046875,9305.021484375,9651.3125,42515259129,9727.4453125,9695.284147135417,35.41175913540644
2020-02-26,8820.5224609375,9354.7783203125,8704.4267578125,9338.2900390625,50420050762,9616.05419921875,9692.307584635417,27.684771019448576
2020-02-27,8784.494140625,8932.892578125,8577.19921875,8825.09375,45470195695,9525.48935546875,9673.171061197916,28.31983989703943
2020-02-28,8672.455078125,8890.4560546875,8492.9326171875,8788.728515625,44605450443,9378.53525390625,9651.698567708334,25.246552161848257
2020-02-29,8599.5087890625,8775.6318359375,8599.5087890625,8671.212890625,35792392544,9275.1474609375,9621.382421875,28.22735643354804
2020-03-01,8562.4541015625,8726.796875,8471.212890625,8599.7587890625,35349164300,9170.5453125,9595.113248697917,26.779847473992533
2020-03-02,8869.669921875,8921.30859375,8532.630859375,8563.2646484375,42857674409,9088.8681640625,9577.673079427082,36.40345880275399
2020-03-03,8787.7861328125,8901.5986328125,8704.990234375,8865.3876953125,42386715821,9001.32861328125,9559.120442708334,24.42224087207532
2020-03-04,8755.24609375,8843.3662109375,8712.431640625,8788.5419921875,34746706368,8884.40166015625,9541.1779296875,29.77726602137382
2020-03-05,9078.7626953125,9142.0546875,8757.25390625,8760.28515625,39698054597,8827.26044921875,9537.771256510418,39.2761002937069
2020-03-06,9122.5458984375,9167.6953125,9032.0791015625,9078.30859375,40826885651,8805.34453125,9521.408658854167,38.42386416626137
2020-03-07,8909.9541015625,9163.220703125,8890.744140625,9121.6005859375,36216930370,8814.2876953125,9494.080403645834,35.65240845633714
2020-03-08,8108.1162109375,8914.34375,8105.2529296875,8908.2060546875,39973102121,8746.64990234375,9437.819498697916,21.30881060380989
2020-03-09,7923.64453125,8177.79345703125,7690.09814453125,8111.146484375,46936995808,8671.76884765625,9373.103678385416,21.931462591784083
2020-03-10,7909.7294921875,8136.9453125,7814.76318359375,7922.14697265625,42213940994,8602.79091796875,9299.5388671875,24.25436774493275
2020-03-11,7911.43017578125,7950.814453125,7642.8125,7910.08984375,38682762605,8537.688525390626,9234.699495442708,29.90090040100587
2020-03-12,4970.7880859375,7929.1162109375,4860.35400390625,7913.6162109375,53980357243,8147.800341796875,9060.117887369792,13.089395224234735
2020-03-13,5563.70703125,5838.11474609375,4106.98095703125,5017.8310546875,74156772075,7825.392431640625,8901.372965494791,22.474430385088098
2020-03-14,5200.3662109375,5625.2265625,5125.0693359375,5573.07763671875,36154506008,7469.904443359375,8734.239176432291,21.375222433354693
2020-03-15,5392.31494140625,5836.64501953125,5169.283203125,5201.06689453125,33997889639,7101.25966796875,8570.24580078125,23.982441355304886
2020-03-16,5014.47998046875,5385.2294921875,4575.35791015625,5385.2294921875,45368026430,6690.453076171875,8407.747639973959,18.72273192309767
2020-03-17,5225.62939453125,5371.3486328125,4981.9091796875,5002.578125,38622642935,6322.02060546875,8250.7875,21.69383262629644
2020-03-18,5238.4384765625,5331.833984375,5069.3359375,5227.11376953125,37878801016,6035.05283203125,8102.39736328125,21.96628522497275
2020-03-19,6191.19287109375,6329.73583984375,5236.96875,5245.41650390625,51000731797,5861.807666015625,7970.703922526041,29.0807311577433
2020-03-20,6198.7783203125,6844.26171875,5865.78173828125,6191.65380859375,54442976103,5690.712548828125,7856.216975911459,28.706815510578323
2020-03-21,6185.06640625,6378.13525390625,5932.8232421875,6206.521484375,42494390880,5518.076171875,7742.103336588541,29.56320258048639
2020-03-22,5830.2548828125,6359.697265625,5823.7138671875,6185.55810546875,40099664740,5604.0228515625,7613.563785807291,31.6880244753186
2020-03-23,6416.31494140625,6443.9345703125,5785.00439453125,5831.37451171875,46491916000,5689.283642578125,7505.334895833334,38.61736969183971
2020-03-24,6734.8037109375,6789.02294921875,6411.06640625,6436.642578125,48221910672,5842.727392578125,7399.011165364584,41.517708395757175
2020-03-25,6681.06298828125,6892.51123046875,6536.92626953125,6738.716796875,44590107888,5971.602197265625,7300.040771484375,41.18369874087227
2020-03-26,6716.4404296875,6735.4638671875,6590.962890625,6675.1708984375,35319797642,6141.7982421875,7212.531949869792,71.43202615272429
2020-03-27,6469.79833984375,6793.83642578125,6466.70166015625,6719.38916015625,34585598367,6266.21513671875,7134.174479166667,62.1582019796967
2020-03-28,6242.19384765625,6467.5009765625,6117.837890625,6467.25390625,34885225901,6366.590673828125,7049.431136067708,64.50803664109431
2020-03-29,5922.04296875,6250.46728515625,5920.0859375,6245.62451171875,28373690931,6339.67568359375,6957.750732421875,57.12244882149166
2020-03-30,6429.841796875,6517.19580078125,5903.234375,5925.53857421875,37101651525,6362.78203125,6885.428499348958,68.38760245198397
2020-03-31,6438.64453125,6504.51513671875,6374.162109375,6430.6064453125,32786468812,6388.13984375,6814.634847005208,66.63333199869679
2020-04-01,6606.7763671875,6612.57373046875,6202.37353515625,6437.3193359375,40346426266,6465.7919921875,6739.205061848958,67.9965789009276
2020-04-02,6793.62451171875,7088.24755859375,6595.91845703125,6606.7763671875,47660646124,6503.52294921875,6672.7330078125,59.922270800514575
2020-04-03,6733.38720703125,7003.220703125,6673.3359375,6797.396484375,38976504903,6503.381298828125,6605.337711588541,58.655091962017096
2020-04-04,6867.52734375,6878.95361328125,6696.48486328125,6738.3828125,33185988584,6522.027734375,6531.629866536458,60.63409221427534
2020-04-05,6791.12939453125,6883.4140625,6715.92919921875,6862.53759765625,29510409856,6529.496630859375,6453.915983072917,66.39481809806644
2020-04-06,7271.78125,7271.78125,6782.8896484375,6788.0498046875,46896904615,6609.694921875,6399.310221354167,65.14092595322859
2020-04-07,7176.41455078125,7427.939453125,7136.71435546875,7273.64404296875,44243482668,6703.1169921875,6368.253499348958,58.486343598115326
2020-04-08,7334.0986328125,7356.2236328125,7153.3056640625,7179.283203125,37563249549,6844.32255859375,6348.601969401042,62.06717652410906
2020-04-09,7302.08935546875,7341.4482421875,7179.09423828125,7337.96630859375,34815139178,6931.547314453125,6328.347298177084,60.83545285872587
2020-04-10,6865.4931640625,7303.8154296875,6802.47509765625,7303.8154296875,43622840992,6974.232177734375,6293.482731119791,56.840202462085635
2020-04-11,6859.0830078125,6926.06982421875,6789.9208984375,6867.4404296875,31222085946,6999.462841796875,6356.425895182291,61.54692906957848
2020-04-12,6971.091796875,7119.947265625,6811.078125,6858.06787109375,35759567632,7017.2095703125,6403.338720703125,71.29543358610228
2020-04-13,6845.03759765625,6965.61669921875,6668.259765625,6965.61669921875,38619308647,7028.374609375,6458.161100260417,59.9742456627824
2020-04-14,6842.427734375,6958.55712890625,6793.8212890625,6843.28173828125,34110434052,7025.8646484375,6506.498193359375,59.729028918327494
2020-04-15,6642.10986328125,6928.66455078125,6633.40283203125,6845.5615234375,32288311031,7010.9626953125,6560.752522786458,50.838346482253534
2020-04-16,7116.80419921875,7134.45068359375,6555.50439453125,6640.4541015625,46783242377,6995.464990234375,6623.791682942709,56.7464629262153
2020-04-17,7096.1845703125,7167.18310546875,7050.33203125,7116.552734375,32513423567,6987.4419921875,6685.716552734375,57.70086951402608
2020-04-18,7257.6650390625,7269.95654296875,7089.2470703125,7092.29150390625,32447188386,6979.7986328125,6721.265625,58.18619059699002
2020-04-19,7189.4248046875,7280.52197265625,7167.0546875,7260.92236328125,31311210215,6968.532177734375,6754.287174479166,58.38607168742515
2020-04-20,6881.95849609375,7240.29052734375,6835.5029296875,7186.87353515625,37747113936,6970.1787109375,6777.516910807291,41.14666215400093
2020-04-21,6880.3232421875,6934.5517578125,6834.4423828125,6879.7841796875,32589741511,6972.302734375,6812.519189453125,42.9763838224771
2020-04-22,7117.20751953125,7145.86572265625,6867.78173828125,6879.4404296875,33249153866,6986.914306640625,6835.882275390625,45.041416324200476
2020-04-23,7429.724609375,7491.78515625,7081.5947265625,7121.30615234375,43500782316,7045.3830078125,6859.046305338542,52.58629099649728
2020-04-24,7550.90087890625,7574.19580078125,7434.181640625,7434.181640625,34636526286,7116.230322265625,6888.040901692709,65.9240513566439
2020-04-25,7569.93603515625,7641.36376953125,7521.67236328125,7550.48291015625,32941541447,7209.012939453125,6916.490755208333,66.41890274862087
2020-04-26,7679.8671875,7700.59423828125,7561.40771484375,7570.13916015625,33070154491,7265.31923828125,6956.826383463542,66.38664189732887
2020-04-27,7795.60107421875,7795.60107421875,7679.4189453125,7679.4189453125,36162144725,7335.260888671875,7008.606624348959,72.08207539208293
2020-04-28,7807.05859375,7814.52734375,7730.806640625,7796.97021484375,33187959921,7390.200244140625,7071.440478515625,72.31712860666102
2020-04-29,8801.0380859375,8871.75390625,7786.04931640625,7806.71240234375,60201052203,7551.361572265625,7150.480354817709,86.53192950218416
2020-04-30,8658.5537109375,9440.650390625,8533.255859375,8797.669921875,66964629541,7729.02109375,7224.477327473958,79.39307067046299
2020-05-01,8864.7666015625,9048.0234375,8667.763671875,8672.7822265625,44068389997,7927.4654296875,7299.743668619792,81.48921697908494
2020-05-02,8988.5966796875,9007.1875,8811.3662109375,8869.0576171875,40134388683,8114.604345703125,7372.909407552083,81.23766776944447
2020-05-03,8897.46875,9167.78125,8830.9716796875,8983.6142578125,47101785174,8261.378759765625,7445.045458984375,80.57206482049561
2020-05-04,8912.654296875,8956.90625,8645.0244140625,8895.7451171875,45718796276,8397.5541015625,7513.216357421875,90.59457809063221
2020-05-05,9003.0703125,9062.4150390625,8856.8271484375,8912.83203125,43148462663,8540.867529296875,7586.947721354167,90.98012126851954
2020-05-06,9268.76171875,9411.4677734375,8966.7060546875,9007.44140625,49371886931,8699.756982421875,7653.513736979166,91.07934187030685
2020-05-07,9951.5185546875,9992.6640625,9138.322265625,9261.8955078125,61112700562,8915.34873046875,7746.017203776041,92.18431400095729
2020-05-08,9842.666015625,9996.7431640625,9767.1728515625,9936.162109375,51780748042,9118.90947265625,7829.636116536459,88.49513087590758
2020-05-09,9593.896484375,9913.86328125,9580.64453125,9840.90625,46566121841,9198.1953125,7906.0296875,81.56097208870057
2020-05-10,8756.4306640625,9595.5810546875,8395.107421875,9591.1689453125,63325279337,9207.9830078125,7969.0609375,63.68293549340814
2020-05-11,8601.7958984375,9033.470703125,8374.3232421875,8755.53515625,57119858802,9181.6859375,8027.1513671875,60.146265676567864
2020-05-12,8804.4775390625,8949.8984375,8569.6435546875,8610.3857421875,42142717533,9163.2740234375,8088.264225260416,61.97643682837843
2020-05-13,9269.9873046875,9317.87890625,8805.3876953125,8805.3876953125,45558144023,9200.52587890625,8169.095882161459,56.449372178591055
2020-05-14,9733.7216796875,9793.2685546875,9255.03515625,9271.3291015625,56426907637,9282.6326171875,8265.472347005209,63.58609459321384
2020-05-15,9328.197265625,9755.828125,9261.3984375,9734.291015625,48158802327,9315.1453125,8355.00859375,55.57519874039252
2020-05-16,9377.013671875,9564.205078125,9260.6943359375,9333.240234375,36164766408,9325.9705078125,8430.348909505208,54.758651054110736
2020-05-17,9670.7392578125,9823.001953125,9349.5458984375,9374.9296875,40084250663,9297.892578125,8516.167399088541,59.02559513971607
2020-05-18,9726.5751953125,9906.0302734375,9570.359375,9675.6953125,41827139896,9286.28349609375,8598.464404296876,59.410762971238206
2020-05-19,9729.0380859375,9836.0478515625,9539.6240234375,9727.0634765625,39254288955,9299.79765625,8683.118180338543,58.568090403783934
2020-05-20,9522.9814453125,9804.7939453125,9447.201171875,9725.3291015625,36546239703,9376.452734375,8771.152278645834,53.043215789497076
2020-05-21,9081.76171875,9555.2421875,8869.9306640625,9522.740234375,39326160532,9424.44931640625,8844.533561197917,38.94926641614577
2020-05-22,9182.5771484375,9232.9365234375,9008.638671875,9080.3349609375,29810773699,9462.25927734375,8913.379215494791,41.5960484465152
2020-05-23,9209.287109375,9302.501953125,9118.1083984375,9185.0625,27727866812,9456.1892578125,8972.697965494792,44.80986094791991
2020-05-24,8790.3681640625,9288.404296875,8787.2509765625,9212.283203125,32518803300,9361.85390625,9014.013541666667,50.51629373833392
2020-05-25,8906.9345703125,8951.005859375,8719.66796875,8786.107421875,31288157264,9319.72763671875,9058.580159505209,54.69649582269166
2020-05-26,8835.052734375,8991.9677734375,8757.2939453125,8909.5859375,29584186947,9265.53154296875,9097.086344401041,50.49033626145421
2020-05-27,9181.017578125,9203.3203125,8834.1572265625,8837.380859375,32740536902,9216.559375,9143.26689453125,48.516297520252
2020-05-28,9525.7509765625,9546.3193359375,9148.45703125,9184.9453125,34367073114,9196.476953125,9200.556640625,46.388434960218206
2020-05-29,9439.1240234375,9573.6669921875,9379.3388671875,9528.35546875,32896642044,9167.485546875,9221.826171875,52.16625479683101
2020-05-30,9700.4140625,9704.0302734375,9366.7294921875,9438.9140625,32722975141,9185.22880859375,9256.554850260416,55.83163928721865
2020-05-31,9461.05859375,9700.34375,9432.296875,9700.10546875,27773290299,9223.15849609375,9276.43125,46.143361972869734
2020-06-01,10167.2685546875,10199.5654296875,9450.8994140625,9463.60546875,35198901068,9321.62763671875,9315.7203125,56.5407819428211
2020-06-02,9529.8037109375,10182.3408203125,9460.5712890625,10162.9736328125,39137252109,9353.679296875,9336.79814453125,47.51194295674096
2020-06-03,9656.7177734375,9682.859375,9471.8466796875,9533.7607421875,25007459262,9440.3142578125,9361.600260416666,51.703789926705646
2020-06-04,9800.63671875,9887.6103515625,9525.2470703125,9655.8544921875,25921805072,9529.68447265625,9388.185807291668,59.90903579232119
2020-06-05,9665.533203125,9869.2373046875,9663.216796875,9800.2158203125,23509628646,9612.73251953125,9401.4115234375,56.59477071714682
2020-06-06,9653.6796875,9773.431640625,9591.0244140625,9664.904296875,20438419222,9659.99873046875,9391.483561197916,56.092906725336775
2020-06-07,9758.8525390625,9768.498046875,9458.150390625,9653.0029296875,25015250846,9683.30888671875,9388.689778645834,64.52847160164663
2020-06-08,9771.4892578125,9782.306640625,9675.8857421875,9760.0634765625,21486346312,9716.54541015625,9394.609537760416,63.386817862074516
2020-06-09,9795.7001953125,9836.369140625,9664.7197265625,9774.3603515625,23717842783,9726.0740234375,9429.25185546875,65.09760695141615
2020-06-10,9870.0947265625,9908.896484375,9728.291015625,9794.119140625,25706567601,9766.97763671875,9471.528483072916,61.84027844198941
2020-06-11,9321.78125,9938.2978515625,9263.0693359375,9870.078125,30247143440,9682.42890625,9488.771940104167,46.72439431915736
2020-06-12,9480.84375,9540.4658203125,9285.8515625,9320.6904296875,22610564515,9677.53291015625,9495.80048828125,50.65475546406086
2020-06-13,9475.27734375,9493.2119140625,9396.009765625,9480.7353515625,17564322315,9659.3888671875,9487.185677083333,46.15830950954207
2020-06-14,9386.7880859375,9482.2705078125,9347.59375,9477.5537109375,18991732746,9618.00400390625,9489.138704427083,48.663868602238566
2020-06-15,9450.7021484375,9504.8603515625,8990.17578125,9386.03515625,26699704768,9596.5208984375,9491.594986979168,33.23441350013526
2020-06-16,9538.0244140625,9579.4306640625,9400.4453125,9454.2666015625,21565537209,9584.95537109375,9487.171158854168,50.25902207933991
2020-06-17,9480.2548828125,9540.4228515625,9327.33984375,9533.7841796875,20177709879,9557.09560546875,9478.960481770833,44.18661213753592
2020-06-18,9411.8408203125,9482.7822265625,9328.3955078125,9481.5673828125,17770083003,9521.13076171875,9468.387239583333,36.52095661200255
2020-06-19,9288.0185546875,9440.8759765625,9274.2958984375,9410.2939453125,19632223107,9470.36259765625,9460.555143229167,36.80888018371852
2020-06-20,9332.3408203125,9394.9716796875,9247.3798828125,9290.9599609375,17130541557,9416.58720703125,9468.907779947916,39.0208957693958
2020-06-21,9303.6298828125,9401.107421875,9300.4306640625,9330.9267578125,15324301169,9414.7720703125,9472.94287109375,33.58906547925838
2020-06-22,9648.7177734375,9655.0732421875,9296.8720703125,9300.9150390625,21104009514,9431.55947265625,9487.590559895832,46.4298168988326
2020-06-23,9629.658203125,9670.541015625,9547.2470703125,9644.076171875,17006433272,9446.99755859375,9515.56689453125,45.157004906599155
2020-06-24,9313.6103515625,9680.3671875,9278.2333984375,9632.1494140625,18961716076,9439.67978515625,9529.12275390625,35.774229046296156
2020-06-25,9264.8134765625,9340.1611328125,9095.32421875,9314.126953125,18616048626,9421.09091796875,9543.448111979167,48.044207252676955
2020-06-26,9162.91796875,9310.5166015625,9101.73828125,9260.9951171875,18341465837,9383.5802734375,9542.844791666666,38.6391680625349
2020-06-27,9045.390625,9207.810546875,8998.216796875,9167.82421875,17273093144,9340.09384765625,9526.832779947918,35.77645258515956
2020-06-28,9143.58203125,9197.546875,8975.525390625,9048.4609375,14560870760,9313.26796875,9516.981380208334,42.00443949882592
2020-06-29,9190.8544921875,9237.5732421875,9041.8759765625,9140.029296875,16460547078,9303.5515625,9499.996061197917,41.362827216293525
2020-06-30,9137.9931640625,9217.8359375,9084.837890625,9185.5810546875,15735797744,9284.116796875,9489.227213541666,36.391451735286566
2020-07-01,9228.3251953125,9309.7548828125,9104.7353515625,9145.9853515625,15971550355,9276.586328125,9457.9291015625,41.61543371741253
2020-07-02,9123.41015625,9274.962890625,9036.623046875,9231.1396484375,16338916796,9224.05556640625,9444.382649739584,40.62832574447494
2020-07-03,9087.3037109375,9202.3447265625,9058.794921875,9124.8427734375,13078970999,9169.8201171875,9425.402180989584,43.0841735343086
2020-07-04,9132.48828125,9183.2958984375,9053.6298828125,9084.2333984375,12290528515,9151.70791015625,9403.13056640625,43.117974599771195
2020-07-05,9073.9423828125,9162.18359375,8977.015625,9126.0908203125,12903406143,9132.62080078125,9383.410872395832,42.24983985638479
2020-07-06,9375.474609375,9375.474609375,9058.6640625,9072.849609375,17889263252,9153.87646484375,9374.137369791666,40.500968571830136
2020-07-07,9252.27734375,9360.6171875,9201.8154296875,9349.1611328125,13839652595,9174.56513671875,9357.251529947916,37.76648955568612
2020-07-08,9428.3330078125,9450.3359375,9249.5,9253.0205078125,19702359883,9203.040234375,9345.81298828125,54.090184893236554
2020-07-09,9277.9677734375,9431.37890625,9234.9990234375,9427.994140625,18000702524,9211.7515625,9328.555240885416,50.43731551259093
2020-07-10,9278.8076171875,9287.4716796875,9118.001953125,9273.357421875,16860035605,9225.8330078125,9308.845670572917,54.1302814916083
2020-07-11,9240.3466796875,9293.5322265625,9199.4853515625,9277.51171875,13249910444,9227.03515625,9306.131184895834,57.36316539948496
2020-07-12,9276.5,9319.4189453125,9197.4501953125,9241.0546875,14452361907,9242.344140625,9299.3197265625,55.266905346774955
2020-07-13,9243.6142578125,9306.4052734375,9224.29296875,9277.205078125,17519821266,9257.9751953125,9291.597623697917,52.114729123968395
2020-07-14,9243.2138671875,9283.841796875,9171.6611328125,9238.703125,18085038362,9269.04775390625,9286.81181640625,54.40263342415421
2020-07-15,9192.8369140625,9275.3251953125,9171.93359375,9241.8974609375,15844731575,9280.93720703125,9278.21630859375,48.4637367468759
2020-07-16,9132.2275390625,9214.3125,9088.947265625,9191.98046875,15713967523,9256.6125,9264.68974609375,50.39692413469308
2020-07-17,9151.392578125,9182.25390625,9089.2021484375,9131.8125,13944570749,9246.5240234375,9253.727669270833,52.929716621890805
2020-07-18,9159.0400390625,9230.9833984375,9100.82421875,9151.18359375,12252601475,9219.5947265625,9245.3009765625,51.25690537498208
2020-07-19,9185.8173828125,9201.3984375,9097.6328125,9158.005859375,12939002784,9210.3796875,9241.894270833332,55.46015743708141
2020-07-20,9164.2314453125,9214.2705078125,9137.509765625,9187.220703125,13755604146,9198.9220703125,9236.290625,35.81347579778827
2020-07-21,9374.8876953125,9407.2626953125,9149.3896484375,9162.5146484375,18069581956,9212.376171875,9238.665885416667,57.368592177682416
2020-07-22,9525.36328125,9530.5185546875,9319.6533203125,9375.080078125,16532254884,9237.2625,9234.554069010417,56.016266365365915
2020-07-23,9581.072265625,9610.2470703125,9483.00390625,9527.1416015625,18146399002,9271.00830078125,9232.934537760417,71.29310877096697
2020-07-24,9536.892578125,9623.3369140625,9481.4541015625,9585.5146484375,16552768325,9300.376171875,9240.377278645834,67.08984033988398
2020-07-25,9677.11328125,9704.556640625,9530.2119140625,9539.4853515625,16610070933,9348.80380859375,9254.12060546875,75.48697468791565
2020-07-26,9905.1669921875,10023.8076171875,9652.84765625,9680.234375,20507998997,9426.09775390625,9278.862239583334,79.9723999988826
2020-07-27,10990.873046875,11298.2216796875,9903.9697265625,9905.2177734375,35359749590,9610.04580078125,9343.711653645832,91.5704500137314
2020-07-28,10912.8232421875,11204.3271484375,10632.6318359375,11017.4638671875,28766551142,9785.42412109375,9402.686360677084,88.30762433038736
2020-07-29,11100.4677734375,11304.3974609375,10856.1416015625,10912.953125,24617249715,9976.88916015625,9466.34013671875,91.175198433777
2020-07-30,11111.2138671875,11169.3564453125,10895.455078125,11099.8330078125,22857247901,10171.58740234375,9532.11416015625,93.65506312752692
2020-07-31,11323.466796875,11415.8642578125,10987.0537109375,11110.2109375,23160469766,10366.4453125,9601.952213541666,94.15314335988896
2020-08-01,11759.5927734375,11794.775390625,11239.6826171875,11322.5703125,26075670303,10589.86826171875,9689.824967447918,95.02055790363482
2020-08-02,11053.6142578125,12034.14453125,11018.1298828125,11758.7646484375,27410067336,10737.1224609375,9755.36865234375,76.17879760262929
2020-08-03,11246.3486328125,11453.0791015625,11012.4150390625,11043.7685546875,20271713443,10908.06806640625,9825.8306640625,77.84671252564482
2020-08-04,11205.892578125,11385.3818359375,11094.1455078125,11246.203125,21250197042,11060.94599609375,9896.895670572916,75.65630616318184
2020-08-05,11747.0224609375,11786.6171875,11158.28515625,11203.8232421875,24411254471,11245.13154296875,9975.947265625,78.05842768246595
2020-08-06,11779.7734375,11902.3359375,11598.7138671875,11749.87109375,23400740340,11324.02158203125,10060.197135416667,77.93044723550017
2020-08-07,11601.47265625,11898.0380859375,11408.59375,11778.89453125,23132312867,11392.8865234375,10132.635123697917,75.36245445475996
2020-08-08,11754.0458984375,11800.064453125,11558.431640625,11604.5537109375,17572057837,11458.2443359375,10215.171061197916,75.43700093984356
2020-08-09,11675.7392578125,11806.056640625,11548.7841796875,11737.3251953125,17489608833,11514.696875,10295.068782552084,72.51057946305345
2020-08-10,11878.111328125,12045.140625,11662.2568359375,11662.2568359375,26114112569,11570.161328125,10382.994270833333,64.54764735118849
2020-08-11,11410.525390625,11932.7109375,11195.708984375,11881.6474609375,27039782640,11535.25458984375,10454.128450520833,57.236234744751734
2020-08-12,11584.9345703125,11748.396484375,11249.60546875,11404.5966796875,25064548486,11588.38662109375,10532.1724609375,57.07101603790259
2020-08-13,11784.1376953125,11796.396484375,11216.8720703125,11588.4052734375,27522199497,11642.16552734375,10616.869921875,59.30949601720654
2020-08-14,11768.87109375,12150.994140625,11685.455078125,11772.6591796875,24237958589,11698.46337890625,10702.737727864584,56.517107023707666
2020-08-15,11865.6982421875,11963.203125,11768.697265625,11768.697265625,23354924400,11710.33095703125,10793.85341796875,51.72366966562217
2020-08-16,11892.8037109375,11934.9013671875,11737.1884765625,11866.685546875,20583375490,11721.633984375,10885.2337890625,67.49024463913102
2020-08-17,12254.40234375,12359.056640625,11806.6962890625,11895.658203125,28227687027,11786.926953125,10988.412532552084,69.62808730887635
2020-08-18,11991.2333984375,12335.70703125,11954.525390625,12251.8955078125,26043227672,11810.645703125,11081.926399739583,64.07118908248364
2020-08-19,11758.283203125,12028.923828125,11687.3330078125,11990.884765625,24502851117,11818.90009765625,11168.394791666668,50.226809866416055
2020-08-20,11878.3720703125,11900.4111328125,11710.0634765625,11761.5,20175242945,11818.926171875,11251.844270833333,51.918442854857304
2020-08-21,11592.4892578125,11899.259765625,11564.9794921875,11878.0263671875,23762425999,11837.12255859375,11320.748470052084,49.83223269666016
2020-08-22,11681.8251953125,11689.4072265625,11448.8056640625,11585.4775390625,20224191306,11846.81162109375,11390.773567708333,48.618632417327895
2020-08-23,11664.84765625,11713.4296875,11559.9208984375,11679.6962890625,18482062658,11834.8826171875,11461.705403645834,49.786671124646574
2020-08-24,11774.595703125,11807.6318359375,11623.25,11663.689453125,20681511755,11835.455078125,11531.621484375,47.89615082931352
2020-08-25,11366.134765625,11778.2998046875,11189.8505859375,11773.5888671875,26301509932,11785.49873046875,11580.32041015625,49.07558951098327
2020-08-26,11488.36328125,11530.052734375,11296.9931640625,11366.89453125,22466660958,11745.0546875,11596.90341796875,47.94427940953303
2020-08-27,11323.3974609375,11570.7861328125,11185.94140625,11485.6083984375,23240415076,11651.95419921875,11610.589225260417,40.04711082308506
2020-08-28,11542.5,11545.615234375,11316.4228515625,11325.2958984375,19807127588,11607.080859375,11625.3236328125,45.50573038570172
2020-08-29,11506.865234375,11585.640625,11466.29296875,11541.0546875,17485597759,11581.9390625,11638.51201171875,42.69848101698459
2020-08-30,11711.505859375,11715.2646484375,11492.3818359375,11508.7138671875,19760127945,11565.25244140625,11651.446647135417,46.55953127090655
2020-08-31,11680.8203125,11768.876953125,11598.318359375,11713.306640625,22285928250,11574.085546875,11648.8208984375,37.551776815855106
2020-09-01,11970.478515625,12067.0810546875,11601.12890625,11679.31640625,27311555343,11602.95087890625,11679.383040364582,49.554685119866036
2020-09-02,11414.0341796875,11964.8232421875,11290.7939453125,11964.8232421875,28037405299,11577.86953125,11684.97255859375,43.51416921216082
2020-09-03,10245.296875,11443.0224609375,10182.46484375,11407.19140625,31927261555,11424.9396484375,11652.952701822916,27.94633486690671
2020-09-04,10511.8134765625,10663.919921875,10207.9404296875,10230.365234375,29965130374,11339.50751953125,11611.779069010418,35.32940990557684
2020-09-05,10169.5673828125,10581.5712890625,9946.67578125,10512.5302734375,44916565292,11207.6279296875,11558.105533854166,30.789636651621436
2020-09-06,10280.3515625,10353.927734375,10056.8857421875,10167.216796875,37071460174,11103.32333984375,11514.0681640625,32.822004715780906
2020-09-07,10369.5634765625,10399.1533203125,9916.4931640625,10280.998046875,33703098409,10986.0296875,11467.91875,32.47791216797006
2020-09-08,10131.5166015625,10414.775390625,9945.1103515625,10369.306640625,33430927462,10848.49482421875,11416.444661458334,33.919650209346784
2020-09-09,10242.34765625,10350.54296875,10017.2509765625,10134.1513671875,24128292755,10701.57900390625,11361.919205729168,33.72287762867771
2020-09-10,10363.138671875,10503.912109375,10238.1357421875,10242.330078125,54406443211,10569.81083984375,11327.006315104167,37.30934756723508
2020-09-11,10400.9150390625,10434.9228515625,10140.8369140625,10369.0283203125,45201121775,10412.8544921875,11287.538997395834,34.1534784366237
2020-09-12,10442.1708984375,10578.837890625,10292.38671875,10409.861328125,36750077324,10315.6681640625,11242.806770833333,35.243837043329165
2020-09-13,10323.755859375,10577.21484375,10224.330078125,10452.3994140625,36506852789,10323.5140625,11194.636263020833,30.295481256624527
2020-09-14,10680.837890625,10800.0107421875,10266.0087890625,10328.734375,35453581940,10340.41650390625,11155.14091796875,37.00577948420159
2020-09-15,10796.951171875,10938.6318359375,10656.4599609375,10677.7548828125,32509451925,10403.1548828125,11118.6125,34.030390964997665
2020-09-16,10974.9052734375,11100.1240234375,10704.884765625,10797.76171875,30769986455,10472.61025390625,11075.96259765625,43.337975501205975
2020-09-17,10948.990234375,11037.4208984375,10774.6279296875,10973.251953125,38151810523,10530.5529296875,11041.221158854167,66.34261842230599
2020-09-18,10944.5859375,11034.908203125,10829.6572265625,10951.8203125,26341903912,10611.85986328125,11014.097916666668,61.443998498094466
2020-09-19,11094.3466796875,11134.0927734375,10909.6181640625,10933.7529296875,22764204008,10697.059765625,10987.963736979167,77.22594764424399
2020-09-20,10938.271484375,11095.8701171875,10814.4775390625,11095.8701171875,24699523788,10754.573046875,10966.156477864582,68.86635526581088
2020-09-21,10462.259765625,10988.3046875,10380.2607421875,10934.92578125,28884999244,10760.70751953125,10925.504296875,52.175527362721134
2020-09-22,10538.4599609375,10568.0771484375,10382.7265625,10459.6240234375,23621787804,10770.33642578125,10887.958040364583,60.33593077200878
2020-09-23,10246.1865234375,10537.828125,10197.865234375,10535.4921875,23788661867,10762.5794921875,10837.011067708334,50.08927480515564
2020-09-24,10760.06640625,10771.056640625,10231.490234375,10248.7861328125,47144380902,10770.50234375,10816.8087890625,57.803960751906956
2020-09-25,10692.716796875,10777.6962890625,10578.9140625,10761.109375,39348590957,10760.07890625,10790.287239583333,55.671140111636845
2020-09-26,10750.7236328125,10772.9990234375,10667.28125,10695.5751953125,46852525493,10737.6607421875,10771.198111979167,55.95790145377034
2020-09-27,10775.26953125,10803.9765625,10622.921875,10746.892578125,53745972818,10720.288671875,10745.623763020832,59.046295274521356
2020-09-28,10709.65234375,10945.34765625,10703.8935546875,10776.61328125,47762394731,10696.7953125,10719.05,50.65365355696883
2020-09-29,10844.640625,10860.0009765625,10649.4951171875,10709.650390625,46582396602,10671.82470703125,10690.1544921875,51.07264575409408
2020-09-30,10784.4912109375,10847.2568359375,10669.3212890625,10843.87109375,44171073700,10656.4466796875,10660.27685546875,45.47748250917799
2020-10-01,10619.4521484375,10933.6240234375,10472.3564453125,10795.2548828125,40023134100,10672.16591796875,10615.242643229167,42.65833828293443
2020-10-02,10575.974609375,10657.837890625,10416.689453125,10619.8212890625,48661453918,10675.9173828125,10587.30732421875,41.9283663847375
2020-10-03,10549.3291015625,10598.9404296875,10511.1298828125,10575.1005859375,44660271563,10706.231640625,10597.441731770834,37.38536941719791
2020-10-04,10669.5830078125,10686.0,10534.3916015625,10550.4404296875,71251776995,10697.18330078125,10602.700716145833,43.67624717009319
2020-10-05,10793.33984375,10793.5078125,10634.6005859375,10676.529296875,47537578009,10707.24560546875,10623.493131510417,59.341020853951804
2020-10-06,10604.40625,10797.578125,10528.890625,10796.306640625,42623695307,10692.6138671875,10634.294954427083,51.749315469483015
2020-10-07,10668.96875,10680.5078125,10562.5068359375,10603.35546875,37799458436,10681.9837890625,10644.275130208332,62.75587382047745
2020-10-08,10915.685546875,10945.7373046875,10562.6064453125,10669.37109375,63314794397,10702.587109375,10670.414095052083,55.59763777536104
2020-10-09,11064.4580078125,11102.671875,10846.8505859375,10927.9130859375,22799117613,10724.56884765625,10697.8177734375,62.63166312821837
2020-10-10,11296.361328125,11442.2109375,11056.9404296875,11059.142578125,22877978588,10775.755859375,10728.9251953125,66.581080463495
2020-10-11,11384.181640625,11428.8134765625,11288.6279296875,11296.08203125,19968627060,10852.22880859375,10761.700748697916,67.81865339463343
2020-10-12,11555.36328125,11698.4677734375,11240.6865234375,11392.6357421875,26163972642,10950.16767578125,10798.807161458333,73.30808045465947
2020-10-13,11425.8994140625,11548.984375,11321.224609375,11548.7197265625,24241420251,11037.82470703125,10835.545279947917,66.06861996074694
2020-10-14,11429.5068359375,11539.9775390625,11307.8310546875,11429.0478515625,24103426719,11113.81708984375,10860.500911458334,68.40656431384483
2020-10-15,11495.349609375,11569.9140625,11303.603515625,11426.6025390625,24487233058,11184.01806640625,10883.780859375,76.49516220225699
2020-10-16,11322.123046875,11540.0615234375,11223.0126953125,11502.828125,25635480772,11255.78974609375,10895.35478515625,70.92762858044385
2020-10-17,11358.1015625,11386.26171875,11285.345703125,11322.123046875,19130430174,11324.70302734375,10908.991829427083,72.56593765003169
2020-10-18,11483.359375,11483.359375,11347.578125,11355.982421875,18283314340,11381.47041015625,10926.950944010418,72.64232919762651
2020-10-19,11742.037109375,11799.0927734375,11408.2900390625,11495.0380859375,23860769928,11449.2283203125,10948.540625,74.55290166566245
2020-10-20,11916.3349609375,11999.91796875,11681.48046875,11745.974609375,30915821592,11511.22568359375,10981.142740885416,84.21275132746743
2020-10-21,12823.689453125,13184.56640625,11900.9287109375,11913.0771484375,43414712626,11655.17646484375,11059.857063802083,89.03335899664017
2020-10-22,12965.8916015625,13161.59375,12717.09375,12801.6357421875,34729759598,11796.229296875,11140.771451822917,88.60175021632239
2020-10-23,12931.5390625,13015.9619140625,12752.6474609375,12971.548828125,28974975003,11946.79326171875,11230.283203125,86.73668555485742
2020-10-24,13108.0625,13145.06640625,12885.7470703125,12931.57421875,24542317940,12114.648828125,11308.549739583334,86.44119733830534
2020-10-25,13031.173828125,13329.18359375,12910.0615234375,13108.0634765625,24406920575,12268.23125,11386.498307291668,83.27451255834069
2020-10-26,13075.248046875,13225.2978515625,12822.3828125,13031.201171875,29461458313,12443.54375,11463.982454427083,82.36899222742538
2020-10-27,13654.21875,13759.6689453125,13060.837890625,13075.2421875,33749878156,12673.15546875,11559.947428385416,89.83046646248118
2020-10-28,13271.28515625,13837.6953125,12932.2509765625,13654.21484375,35867318895,12851.948046875,11645.335188802082,78.98994687377318
2020-10-29,13437.8828125,13612.0478515625,12980.0595703125,13271.298828125,56499499598,13021.5326171875,11731.776595052082,79.63585729644171
2020-10-30,13546.5224609375,13651.5166015625,13136.1982421875,13437.8740234375,30581485201,13184.5513671875,11823.844303385416,84.61831904445637
2020-10-31,13780.9951171875,14028.2138671875,13457.5302734375,13546.5322265625,30306464719,13280.28193359375,11929.229069010416,85.51335155776523
2020-11-01,13737.109375,13862.033203125,13628.3779296875,13780.9951171875,24453857900,13357.4037109375,12034.600227864583,83.8414001105054
2020-11-02,13550.4892578125,13808.3232421875,13243.16015625,13737.0322265625,30771455468,13419.29873046875,12134.638899739582,77.7556121835695
2020-11-03,13950.30078125,13984.9814453125,13325.44140625,13550.451171875,29869951617,13503.52255859375,12243.996158854166,79.1957334702953
2020-11-04,14133.70703125,14218.7666015625,13580.4716796875,13950.48828125,35116364962,13613.77587890625,12355.341731770834,73.73754425602456
2020-11-05,15579.8486328125,15706.404296875,14102.0888671875,14133.7333984375,40856321439,13864.2359375,12521.189811197917,82.1652993940163
2020-11-06,15565.880859375,15903.4375,15226.83984375,15579.7294921875,39837841971,14055.4021484375,12684.42021484375,82.57958281762836
2020-11-07,14833.75390625,15737.095703125,14423.203125,15565.880859375,35024953706,14211.6490234375,12815.022493489583,68.76348244240377
2020-11-08,15479.5673828125,15637.3203125,14744.1103515625,14833.75390625,26632075029,14415.81748046875,12962.192805989584,73.69048476220551
2020-11-09,15332.3154296875,15785.13671875,14865.529296875,15479.595703125,34149115566,14594.39677734375,13096.724609375,71.4117026904089
2020-11-10,15290.90234375,15450.3291015625,15124.9599609375,15332.3505859375,25574938143,14745.3875,13226.9486328125,67.28982915301125
2020-11-11,15701.33984375,15916.2607421875,15290.0068359375,15290.9091796875,29772374934,14941.810546875,13365.1478515625,75.52264279443017
2020-11-12,16276.34375,16305.00390625,15534.771484375,15701.298828125,34175758344,15214.39599609375,13526.829329427082,77.45661856835608
2020-11-13,16317.80859375,16463.177734375,15992.15234375,16276.4404296875,31599492172,15451.14677734375,13689.772721354168,77.15979350955092
2020-11-14,16068.138671875,16317.80859375,15749.193359375,16317.80859375,27481710135,15644.58994140625,13842.1990234375,72.34841711256277
2020-11-15,15955.587890625,16123.1103515625,15793.5341796875,16068.1396484375,23653867583,15682.1638671875,13996.6478515625,71.39043143151136
2020-11-16,16716.111328125,16816.181640625,15880.7060546875,15955.5771484375,31526766675,15797.1869140625,14175.248177083333,77.48134774703776
2020-11-17,17645.40625,17782.919921875,16564.544921875,16685.69140625,39006849170,16078.3521484375,14380.649739583334,79.37721777812561
2020-11-18,17804.005859375,18393.94921875,17352.90625,17645.19140625,49064800278,16310.79599609375,14582.715364583333,79.29555099443425
2020-11-19,17817.08984375,18119.546875,17382.5546875,17803.861328125,36985055355,16559.2734375,14779.407194010417,73.15408403745914
2020-11-20,18621.314453125,18773.2265625,17765.794921875,17817.083984375,36992873940,16892.3146484375,14972.661360677082,77.17651771757707
2020-11-21,18642.232421875,18936.62109375,18444.359375,18621.31640625,39650210707,17186.40390625,15161.872721354166,88.78090235349524
2020-11-22,18370.001953125,18688.96875,17671.384765625,18642.232421875,41280434226,17395.7697265625,15343.154817708333,81.85636696819556
2020-11-23,18364.12109375,18711.42578125,18000.796875,18370.017578125,42741112308,17600.4009765625,15518.356770833334,84.4892099885731
2020-11-24,19107.46484375,19348.271484375,18128.65625,18365.015625,51469565009,17904.33359375,15720.8998046875,87.43763842162942
2020-11-25,18732.12109375,19390.96484375,18581.146484375,19104.41015625,43710357371,18181.9869140625,15909.462239583334,79.9358132457138
2020-11-26,17150.623046875,18866.28515625,16351.03515625,18729.83984375,61396835737,18225.4380859375,16026.009049479168,57.203271049844275
2020-11-27,17108.40234375,17445.0234375,16526.423828125,17153.9140625,38886494645,18171.7376953125,16153.912955729167,56.512966593339264
2020-11-28,17717.4140625,17853.939453125,16910.65234375,17112.93359375,32601040734,18163.078515625,16296.563997395833,62.82739182994294
2020-11-29,18177.484375,18283.62890625,17559.1171875,17719.634765625,31133957704,18199.11796875,16450.92939453125,66.39474934982246
2020-11-30,19625.8359375,19749.263671875,18178.322265625,18178.322265625,47728480399,18299.5701171875,16645.757421875,69.49153562443004
2020-12-01,18802.998046875,19845.974609375,18321.921875,19633.76953125,49633658712,18315.6466796875,16814.620377604166,57.86662362735888
2020-12-02,19201.091796875,19308.330078125,18347.71875,18801.744140625,37387697139,18398.7556640625,17002.973795572918,59.19485207161441
2020-12-03,19445.3984375,19566.19140625,18925.78515625,19205.92578125,31930317405,18506.8833984375,17186.143717447918,60.40009919897328
2020-12-04,18699.765625,19511.404296875,18697.193359375,19446.966796875,33872388058,18466.1134765625,17338.345670572915,50.50485067395121
2020-12-05,19154.23046875,19160.44921875,18590.193359375,18698.384765625,27242455064,18508.3244140625,17457.491731770835,53.12068832925445
2020-12-06,19345.12109375,19390.5,18897.89453125,19154.1796875,25293775714,18727.77421875,17583.46640625,56.002988622888836
2020-12-07,19191.630859375,19411.828125,18931.142578125,19343.12890625,26896357742,18936.0970703125,17728.728971354165,55.00335024951506
2020-12-08,18321.14453125,19283.478515625,18269.9453125,19191.529296875,31692288756,18996.4701171875,17823.448209635415,45.31768203186241
2020-12-09,18553.916015625,18626.29296875,17935.546875,18320.884765625,34420373071,19034.11328125,17930.834895833334,48.9205092244339
2020-12-10,18264.9921875,18553.298828125,17957.064453125,18553.298828125,25547132265,18898.02890625,18029.971223958335,58.003739849031305
2020-12-11,18058.904296875,18268.453125,17619.533203125,18263.9296875,27919640985,18823.61953125,18108.556705729166,56.66979605094546
2020-12-12,18803.65625,18919.55078125,18046.041015625,18051.3203125,21752580802,18783.8759765625,18192.800455729168,57.47981151858373
2020-12-13,19142.3828125,19381.53515625,18734.33203125,18806.765625,25450468637,18753.5744140625,18286.9529296875,56.7571656090159
2020-12-14,19246.64453125,19305.099609375,19012.708984375,19144.4921875,22473997681,18808.2623046875,18392.903125,46.728698273108016
2020-12-15,19417.076171875,19525.0078125,19079.841796875,19246.919921875,26741982541,18834.546875,18508.286067708334,55.96966636034298
2020-12-16,21310.59765625,21458.908203125,19298.31640625,19418.818359375,44409011479,19031.09453125,18661.435611979166,65.8878288833991
2020-12-17,22805.162109375,23642.66015625,21234.67578125,21308.3515625,71378606374,19392.44765625,18833.427473958334,71.29396106280225
2020-12-18,23137.9609375,23238.6015625,22399.8125,22806.796875,40387896275,19874.129296875,19011.2259765625,79.68227180103455
2020-12-19,23869.83203125,24085.85546875,22826.47265625,23132.865234375,38487546580,20405.7208984375,19212.984049479168,80.40919615741926
2020-12-20,23477.294921875,24209.66015625,23147.7109375,23861.765625,37844228422,20926.951171875,19374.850065104165,75.97144663429964
2020-12-21,22803.08203125,24059.982421875,22159.3671875,23474.455078125,45852713981,21401.3689453125,19513.545052083333,71.30411539086363
2020-12-22,23783.029296875,23789.90234375,22430.60546875,22794.0390625,44171632681,21899.30625,19693.979296875,81.80911516610783
2020-12-23,23241.345703125,24024.490234375,22802.646484375,23781.974609375,51146161904,22309.2025390625,19856.553450520834,76.35069079372106
2020-12-24,23735.94921875,23768.337890625,22777.59765625,23240.203125,41080759713,22758.1330078125,20010.836263020832,80.0602034684066
2020-12-25,24664.791015625,24710.1015625,23463.673828125,23733.5703125,42068395846,23282.9044921875,20208.591927083333,83.62543122732018
2020-12-26,26437.037109375,26718.0703125,24522.689453125,24677.015625,48332647295,23795.5484375,20518.1390625,85.17606614336114
2020-12-27,26272.294921875,28288.83984375,25922.76953125,26439.373046875,66479895605,24142.26171875,20823.6021484375,83.39142010962915
2020-12-28,27084.80859375,27389.111328125,26207.640625,26280.822265625,49056742893,24536.946484375,21135.8486328125,84.42467084540542
2020-12-29,27362.4375,27370.720703125,25987.298828125,27081.810546875,45265946774,24886.20703125,21442.013736979166,84.56996099600987
2020-12-30,28840.953125,28937.740234375,27360.08984375,27360.08984375,51287442704,25422.5728515625,21749.184309895834,83.99185086102347
2020-12-31,29001.720703125,29244.876953125,28201.9921875,28841.57421875,46754964848,26042.43671875,22089.141731770833,81.80034760853746
2021-01-01,29374.15234375,29600.626953125,28803.5859375,28994.009765625,40730301359,26601.5490234375,22428.24375,81.87408134148401
2021-01-02,32127.267578125,33155.1171875,29091.181640625,29376.455078125,67865420765,27490.1412109375,22850.972721354166,84.9779078119625
2021-01-03,32782.0234375,34608.55859375,32052.31640625,32129.408203125,78665235202,28394.7486328125,23320.381315104165,88.55761643110527
2021-01-04,31971.9140625,33440.21875,28722.755859375,32810.94921875,81163475344,29125.4609375,23747.637434895834,87.5713219666375
2021-01-05,33992.4296875,34437.58984375,30221.1875,31977.041015625,67547324782,29881.0001953125,24235.8810546875,88.5479440336453
2021-01-06,36824.36328125,36879.69921875,33514.03515625,34013.61328125,75289433811,30936.20703125,24823.638802083333,93.72388404367645
2021-01-07,39371.04296875,40180.3671875,36491.19140625,36833.875,84762141031,32164.83046875,25525.302083333332,94.45628192677091
2021-01-08,40797.609375,41946.73828125,36838.63671875,39381.765625,88107519480,33508.34765625,26266.758528645834,94.60887374948032
2021-01-09,40254.546875,41436.3515625,38980.875,40788.640625,61984162837,34649.70703125,26999.743684895835,90.99339209626616
2021-01-10,38356.44140625,41420.19140625,35984.62890625,40254.21875,79980747690,35585.1791015625,27676.328255208333,82.50750731028181
2021-01-11,35566.65625,38346.53125,30549.599609375,38346.53125,123320567399,36204.4294921875,28235.094921875,70.62307657677252
2021-01-12,33922.9609375,36568.52734375,32697.9765625,35516.359375,74773277909,36383.998828125,28727.780859375,64.95784713105775
2021-01-13,37316.359375,37599.9609375,32584.66796875,33915.12109375,69364315979,36837.432421875,29330.1046875,67.7719312615697
2021-01-14,39187.328125,39966.40625,36868.5625,37325.109375,63615990033,37558.973828125,29989.1130859375,69.92869962549554
2021-01-15,36825.3671875,39577.7109375,34659.58984375,39156.70703125,67760757881,37842.267578125,30506.2720703125,63.5257013789116
2021-01-16,36178.140625,37864.3671875,35633.5546875,36821.6484375,57706187875,37777.6453125,30952.038020833334,57.96200849051802
2021-01-17,35791.27734375,36722.3515625,34069.3203125,36163.6484375,52359854336,37419.66875,31373.815234375,55.97765149851569
2021-01-18,36630.07421875,37299.28515625,34883.84375,35792.23828125,49511702429,37002.915234375,31799.156640625,59.24254315590536
2021-01-19,36069.8046875,37755.890625,36069.8046875,36642.234375,57244195486,36584.441015625,32218.906966145834,54.37538997812174
2021-01-20,35547.75,36378.328125,33570.4765625,36050.11328125,66834573161,36303.571875,32643.729231770834,47.02135552098229
2021-01-21,30825.69921875,35552.6796875,30250.75,35549.3984375,75643067688,35829.476171875,32878.48489583333,31.899143282203866
2021-01-22,33005.76171875,33811.8515625,28953.373046875,30817.625,77207272511,35737.75625,33203.9654296875,34.00576516764289
2021-01-23,32067.642578125,33360.9765625,31493.16015625,32985.7578125,48354737975,35212.8845703125,33481.68854166667,33.46304269488695
2021-01-24,32289.37890625,32944.0078125,31106.685546875,32064.376953125,48643830599,34523.0896484375,33735.841471354164,36.85473505888661
2021-01-25,32366.392578125,34802.7421875,32087.787109375,32285.798828125,59897054838,34077.1921875,33933.486653645836,42.14243370173191
2021-01-26,32569.849609375,32794.55078125,31030.265625,32358.61328125,60255421470,33716.3630859375,34143.40514322917,46.42487617757605
2021-01-27,30432.546875,32564.029296875,29367.138671875,32564.029296875,62576762015,33180.4900390625,34254.996419270836,30.518852844298607
2021-01-28,33466.09765625,33858.3125,30023.20703125,30441.041015625,76517157706,32864.0923828125,34458.4517578125,34.808578767908315
2021-01-29,34316.38671875,38406.26171875,32064.814453125,34318.671875,117894572511,32688.7505859375,34640.9662109375,42.756479988884905
2021-01-30,34269.5234375,34834.70703125,32940.1875,34295.93359375,65141828798,32560.9279296875,34816.55963541667,44.291876620066084
2021-01-31,33114.359375,34288.33203125,32270.17578125,34270.87890625,52754542671,32789.7939453125,34941.233203125,42.34585912577015
2021-02-01,33537.17578125,34638.21484375,32384.228515625,33114.578125,61400400660,32842.9353515625,34988.230143229164,40.94094155939253
2021-02-02,35510.2890625,35896.8828125,33489.21875,33533.19921875,63088585433,33187.2,35079.17233072917,48.4864533581301
2021-02-03,37472.08984375,37480.1875,35443.984375,35510.8203125,61166818159,33705.47109375,35262.5115234375,54.8293605862314
2021-02-04,36926.06640625,38592.17578125,36317.5,37475.10546875,68838074392,34161.4384765625,35360.2994140625,69.36955016133706
2021-02-05,38144.30859375,38225.90625,36658.76171875,36931.546875,58598066402,34718.884375,35404.297591145834,67.37698958491299
2021-02-06,39266.01171875,40846.546875,38138.38671875,38138.38671875,71326033653,35602.230859375,35400.796549479164,74.04413291098693
2021-02-07,38903.44140625,39621.8359375,37446.15234375,39250.19140625,65500641143,36145.965234375,35337.6576171875,71.88650505398334
2021-02-08,46196.46484375,46203.9296875,38076.32421875,38886.828125,101467222687,37333.973046875,35535.72154947917,80.97312969414142
2021-02-09,46481.10546875,48003.72265625,45166.9609375,46184.9921875,91809846886,38555.13125,35806.543684895834,81.04206630204202
2021-02-10,44918.18359375,47145.56640625,43881.15234375,46469.76171875,87301089896,39735.513671875,36118.26126302083,83.17414173857797
2021-02-11,47909.33203125,48463.46875,44187.76171875,44898.7109375,81388911810,41172.729296875,36584.4736328125,83.14139986899286
2021-02-12,47504.8515625,48745.734375,46424.9765625,47877.03515625,76555041196,42372.185546875,36924.0900390625,80.89427628406379
2021-02-13,47105.515625,48047.74609375,46392.28125,47491.203125,70250456155,43335.528125,37188.029622395836,79.58012958310019
2021-02-14,48717.2890625,49487.640625,47114.5078125,47114.5078125,71248675228,44514.650390625,37584.427018229166,85.21534669177547
2021-02-15,47945.05859375,48875.5703125,46347.4765625,48696.53515625,77069903166,45494.725390625,37976.6576171875,82.01323781369504
2021-02-16,49199.87109375,50341.1015625,47201.3046875,47944.45703125,77049582886,46488.111328125,38423.6107421875,81.42016555837174
2021-02-17,52149.0078125,52533.9140625,49072.37890625,49207.27734375,80820545404,47812.66796875,38940.908528645836,82.22573835138789
2021-02-18,51679.796875,52474.10546875,51015.765625,52140.97265625,52054723579,48361.001171875,39461.2416015625,82.50403314710776
2021-02-19,55888.1328125,56113.65234375,50937.27734375,51675.98046875,63495496918,49301.70390625,40139.25436197917,84.54078303165277
2021-02-20,56099.51953125,57505.2265625,54626.55859375,55887.3359375,68145460026,50419.8375,40981.7150390625,83.97275984713679
2021-02-21,57539.9453125,58330.5703125,55672.609375,56068.56640625,51897585191,51382.898828125,41799.521158854164,86.04340398103268
2021-02-22,54207.3203125,57533.390625,48967.56640625,57532.73828125,92052420332,52053.145703125,42537.510416666664,68.29591945430711
2021-02-23,48824.42578125,54204.9296875,45290.58984375,54204.9296875,106102492824,52225.03671875,43088.67864583333,54.340974270090534
2021-02-24,49705.33203125,51290.13671875,47213.5,48835.0859375,63695521388,52323.841015625,43666.643294270834,59.09803196066891
2021-02-25,47093.8515625,51948.96875,47093.8515625,49709.08203125,54506565949,52238.7203125,44150.776692708336,48.4274762561818
2021-02-26,46339.76171875,48370.78515625,44454.84375,47180.46484375,350967941479,51952.709375,44681.0171875,47.78320026673275
2021-02-27,46188.453125,48253.26953125,45269.02734375,46344.7734375,45910946382,51356.65390625,45105.095703125,48.238492592406956
2021-02-28,45137.76953125,46716.4296875,43241.6171875,46194.015625,53443887451,50702.451171875,45465.80846354167,42.97293686895139
2021-03-01,49631.2421875,49784.015625,45115.09375,45159.50390625,53891300112,50076.762109375,45977.86575520833,52.888213673066865
2021-03-02,48378.98828125,50127.51171875,47228.84375,49612.10546875,47530897720,49304.708984375,46486.68671875,48.59381101798645
2021-03-03,50538.2421875,52535.13671875,48274.3203125,48415.81640625,53220811975,48604.538671875,47053.388932291666,47.16397807309299
2021-03-04,48561.16796875,51735.08984375,47656.9296875,50522.3046875,52343816680,48039.9234375,47488.418229166666,44.7859811637562
2021-03-05,48927.3046875,49396.4296875,46542.515625,48527.03125,48625928883,48050.211328125,47870.25872395833,36.6466578202507
2021-03-06,48912.3828125,49147.21875,47257.52734375,48899.23046875,34363564661,47970.91640625,48269.80260416667,36.107801060300176
2021-03-07,51206.69140625,51384.3671875,48918.6796875,48918.6796875,43137459378,48382.200390625,48705.21536458333,38.14947663836393
2021-03-08,52246.5234375,52314.0703125,49506.0546875,51174.1171875,48597428048,48972.8765625,49137.899088541664,45.98668058050512
2021-03-09,54824.1171875,54824.1171875,51981.83203125,52272.96875,50912227385,49836.44296875,49668.58828125,63.87319894305355
2021-03-10,56008.55078125,57258.25390625,53290.890625,54824.01171875,57295577614,50923.52109375,49995.6578125,64.37329243977487
2021-03-11,57805.12109375,58091.0625,54484.59375,55963.1796875,56772343595,51740.908984375,50373.125,75.3678079359367
2021-03-12,57332.08984375,57996.62109375,55376.6484375,57821.21875,55689944702,52636.219140625,50786.921875,76.38470089470557
2021-03-13,61243.0859375,61683.86328125,56217.97265625,57343.37109375,60669829814,53706.703515625,51231.38033854167,80.61059057209448
2021-03-14,59302.31640625,61597.91796875,59302.31640625,61221.1328125,43901225564,54780.818359375,51624.629166666666,77.7947143098485
2021-03-15,55907.19921875,60540.9921875,55393.1640625,59267.4296875,66419369890,55478.8078125,51918.01861979167,62.86990735304037
2021-03-16,56804.90234375,56833.1796875,53555.02734375,55840.78515625,59749798599,56268.059765625,52187.605729166666,67.53371997407945
2021-03-17,58870.89453125,58969.81640625,54528.62890625,56825.828125,60258313191,57034.480078125,52551.80026041667,67.40721373632803
2021-03-18,57858.921875,60116.25,54253.578125,58893.078125,55746041000,57595.719921875,52840.435286458334,70.2394543278662
2021-03-19,58346.65234375,59498.375,56643.703125,57850.44140625,49063873786,57947.9734375,53047.0234375,70.39616909273087
2021-03-20,58313.64453125,60031.28515625,58213.296875,58332.26171875,50361731222,58178.4828125,53268.151692708336,70.3410746496022
2021-03-21,57523.421875,58767.8984375,56005.6171875,58309.9140625,51943414539,58150.312890625,53322.661328125,64.61869581890599
2021-03-22,54529.14453125,58471.48046875,54288.15625,57517.890625,56521454974,57870.018359375,53270.31549479167,54.84439194715622
2021-03-23,54738.9453125,55985.44140625,53470.6953125,54511.66015625,56435023914,57219.604296875,53176.948828125,49.799043549043546
2021-03-24,52774.265625,57262.3828125,52514.33203125,54710.48828125,70567223787,56566.79921875,53129.180338541664,42.63994144501874
2021-03-25,51704.16015625,53392.38671875,50856.5703125,52726.74609375,67999812841,56146.4953125,53225.171484375,35.64169386617401
2021-03-26,55137.3125,55137.3125,51579.85546875,51683.01171875,56652197978,55979.736328125,53406.2375,45.466371559311014
2021-03-27,55973.51171875,56568.21484375,54242.91015625,55137.56640625,47266542233,55689.998046875,53702.226171875,37.53101738119485
2021-03-28,55950.74609375,56610.3125,55071.11328125,55974.94140625,47686580918,55499.18046875,54022.59231770833,41.27773379380285
2021-03-29,57750.19921875,58342.09765625,55139.33984375,55947.8984375,57625587027,55439.53515625,54407.98385416667,55.23072447520691
2021-03-30,58917.69140625,59447.22265625,57251.55078125,57750.1328125,54414116432,55499.93984375,54867.31458333333,55.905983663803326
2021-03-31,58918.83203125,59930.02734375,57726.41796875,58930.27734375,65520826225,55639.480859375,55176.90091145833,50.15149001390468
2021-04-01,59095.80859375,59586.0703125,58505.27734375,58926.5625,61669163792,56096.147265625,55534.128255208336,54.12653098139977
2021-04-02,59384.3125,60267.1875,58869.28125,59098.87890625,58727860620,56560.683984375,55828.997265625,53.50850615386281
2021-04-03,57603.890625,60110.26953125,57603.890625,59397.41015625,59641344484,57043.646484375,56130.42135416667,47.85380801222015
2021-04-04,58758.5546875,58913.74609375,57168.67578125,57604.83984375,50749662970,57749.0859375,56458.1296875,53.65431848787395
2021-04-05,59057.87890625,59891.296875,57694.82421875,58760.875,60706272115,58141.142578125,56796.312890625,65.94099435760333
2021-04-06,58192.359375,59479.578125,57646.80859375,59171.93359375,66058027988,58363.02734375,57029.16848958333,61.61952042209501
2021-04-07,56048.9375,58731.14453125,55604.0234375,58186.5078125,75645303584,58372.846484375,57155.915625,60.887164222523516
2021-04-08,58323.953125,58338.73828125,55879.0859375,56099.9140625,53053855641,58430.221875,57272.576822916664,70.37605354075542
2021-04-09,58245.00390625,58937.046875,57807.86328125,58326.5625,46655208546,58362.953125,57347.125260416666,62.05480269870819
2021-04-10,59793.234375,61276.6640625,58038.70703125,58253.77734375,58238470525,58450.393359375,57413.395703125,64.04115814652215
2021-04-11,60204.96484375,60790.5546875,59289.796875,59846.23046875,46280252580,58561.308984375,57509.158203125,65.20358180685136
2021-04-12,59893.453125,61253.03515625,59589.875,60175.9453125,51828688519,58612.223046875,57464.17044270833,58.57102554000743
2021-04-13,63503.45703125,63742.28515625,59869.95703125,59890.01953125,69983454362,59202.1796875,57604.20846354167,65.34171487595745
2021-04-14,63109.6953125,64863.09765625,61554.796875,63523.75390625,77451779687,59637.29375,57844.291666666664,63.6616693030016
2021-04-15,63314.01171875,63821.671875,62208.96484375,63075.1953125,60954381579,60062.90703125,58061.261979166666,63.726326643508536
2021-04-16,61572.7890625,63594.72265625,60222.53125,63258.50390625,84293007468,60400.95,58151.32513020833,56.50631574253176
2021-04-17,60683.8203125,62572.17578125,60361.3515625,61529.921875,66138759198,60864.43828125,58245.48841145833,59.6691127778241
2021-04-18,56216.18359375,61057.45703125,52829.53515625,60701.88671875,97468872758,60653.661328125,58174.47278645833,43.39287371168818
2021-04-19,55724.265625,57520.0546875,54368.59375,56191.5859375,65344865159,60401.5875,58088.16015625,41.42245326048392
2021-04-20,56473.03125,57062.1484375,53448.046875,55681.79296875,67849323955,60069.5671875,58053.147135416664,45.54934560977326
2021-04-21,53906.08984375,56757.97265625,53695.46875,56471.12890625,54926612466,59439.6796875,58032.378645833334,44.572038541297886
2021-04-22,51762.2734375,55410.23046875,50583.8125,53857.10546875,74798630778,58626.56171875,57933.15625,33.26765731862562
2021-04-23,51093.65234375,52120.79296875,47714.6640625,51739.80859375,86668667320,57385.58125,57877.13580729167,32.29639577715777
2021-04-24,50050.8671875,51167.5625,48805.28515625,51143.2265625,49014494781,56079.6984375,57822.026041666664,25.26313429946171
2021-04-25,49004.25390625,50506.01953125,47159.484375,50052.83203125,46117114240,54648.72265625,57617.59075520833,22.44852779243621
2021-04-26,54021.75390625,54288.00390625,48852.796875,49077.79296875,58284039825,53893.619140625,57552.53216145833,38.27202202104577
2021-04-27,55033.1171875,55416.96484375,53319.1875,54030.3046875,49448222757,53328.548828125,57521.94453125,31.12184000349633
2021-04-28,54824.703125,56227.20703125,53887.91796875,55036.63671875,48000572955,53189.40078125,57424.427994791666,31.381105160827943
2021-04-29,53555.109375,55115.84375,52418.02734375,54858.08984375,46088929780,52972.48515625,57245.67526041667,29.0708687802896
2021-04-30,57750.17578125,57900.71875,53129.6015625,53568.6640625,52395931985,53100.199609375,57206.720052083336,42.58263601799045
2021-05-01,57828.05078125,58448.33984375,57052.2734375,57714.6640625,42836427360,53492.395703125,57164.46145833333,44.27859956747325
2021-05-02,56631.078125,57902.59375,56141.90625,57825.86328125,38177405335,53979.276171875,57072.68697916667,50.956584485522306
2021-05-03,57200.29296875,58973.30859375,56590.87109375,56620.2734375,51713139031,54589.940234375,57059.233723958336,53.391054815545
2021-05-04,53333.5390625,57214.1796875,53191.42578125,57214.1796875,68564706967,54918.207421875,56878.39986979167,43.69111941713796
2021-05-05,57424.0078125,57911.36328125,52969.0546875,53252.1640625,69241316747,55760.1828125,56823.9375,56.661447003156205
2021-05-06,56396.515625,58363.31640625,55382.5078125,57441.30859375,69523285106,55997.658984375,56764.07604166667,59.162661362921604
2021-05-07,57356.40234375,58606.6328125,55321.84765625,56413.953125,68434023376,56229.9875,56807.658203125,62.241497263487105
2021-05-08,58803.77734375,59464.61328125,56975.2109375,57352.765625,65382980634,56627.894921875,56823.65234375,66.84250205387659
2021-05-09,58232.31640625,59210.8828125,56482.00390625,58877.390625,65906690347,57095.615625,56823.22942708333,68.08754603075823
2021-05-10,55859.796875,59519.35546875,54071.45703125,58250.87109375,71776546298,56906.577734375,56692.11484375,54.01943279527227
2021-05-11,56704.57421875,56872.54296875,54608.65234375,55847.2421875,61308396325,56794.230078125,56575.43515625,53.68196872813822
2021-05-12,49150.53515625,57939.36328125,49150.53515625,56714.53125,75215403907,56046.17578125,56217.337890625,40.55674487575631
2021-05-13,49716.19140625,51330.84375,46980.01953125,49735.43359375,96721152926,55297.765625,55757.762369791664,43.45777824761178
2021-05-14,49880.53515625,51438.1171875,48868.578125,49682.98046875,55737497453,54952.465234375,55316.790364583336,34.452780356168844
2021-05-15,46760.1875,50639.6640625,46664.140625,49855.49609375,59161047474,53886.083203125,54764.99622395833,30.48085991401136
2021-05-16,46456.05859375,49720.04296875,43963.3515625,46716.63671875,64047871555,52892.0375,54261.105208333334,31.471980336209498
2021-05-17,43537.51171875,46623.55859375,42207.2890625,46415.8984375,74903638450,51510.1484375,53689.56158854167,27.081866688612834
2021-05-18,42909.40234375,45812.45703125,42367.83203125,43488.05859375,56187365084,49920.7109375,53246.002213541666,30.383008490667706
2021-05-19,37002.44140625,43546.1171875,30681.49609375,42944.9765625,126358098747,47797.7234375,52621.94140625,14.028355276964518
2021-05-20,40782.73828125,42462.984375,35050.6171875,36753.66796875,88281943359,46290.017578125,52098.931640625,24.928460254937534
2021-05-21,37304.69140625,42172.171875,33616.453125,40596.94921875,82051616861,44350.029296875,51545.55169270833,20.2113324695233
2021-05-22,37536.6328125,38831.0546875,35383.68359375,37371.03125,57377273240,43188.6390625,51071.363671875,17.221988693236952
2021-05-23,34770.58203125,38289.21875,31227.33984375,37531.44921875,78469274361,41694.078125,50527.261328125,16.130769810289138
2021-05-24,38705.98046875,39835.140625,34551.08203125,34700.36328125,67359584098,40576.62265625,50149.0984375,26.305996221155127
2021-05-25,38402.22265625,39776.3515625,36581.4296875,38795.78125,56211915803,39740.826171875,49795.69739583333,24.335991863591588
2021-05-26,39294.19921875,40782.078125,37905.8359375,38392.625,51346735160,39024.640234375,49304.77890625,33.003716624742154
2021-05-27,38436.96875,40379.6171875,37247.90234375,39316.890625,43210968721,38514.5859375,48751.573958333334,30.743725881149558
2021-05-28,35697.60546875,38856.96875,34779.0390625,38507.08203125,55200191952,37793.40625,48114.00403645833,27.74329901558373
2021-05-29,34616.06640625,37234.5,33693.9296875,35684.15625,45231013335,37554.76875,47482.70260416667,29.639909587405114
2021-05-30,35678.12890625,36400.66796875,33520.73828125,34607.40625,31646080921,37044.3078125,46746.96770833333,32.378224117898924
2021-05-31,37332.85546875,37468.25,34241.9453125,35658.59375,39009847639,37047.12421875,46063.79453125,39.418155509395405
2021-06-01,36684.92578125,37896.734375,35787.0859375,37293.79296875,34639423297,36961.953515625,45398.92278645833,39.39152454268407
2021-06-02,37575.1796875,38231.33984375,35966.30859375,36699.921875,33070867190,37242.41328125,44744.75234375,51.17747688870037
2021-06-03,39208.765625,39478.953125,37243.97265625,37599.41015625,35460750427,37292.691796875,44273.9265625,46.45083800624644
2021-06-04,36894.40625,39242.484375,35717.72265625,39242.484375,41831090187,37141.91015625,43589.60651041667,49.023603703934384
2021-06-05,35551.95703125,37917.71484375,34900.4140625,36880.15625,35959473399,36767.6859375,42894.787890625,45.51398180612566
2021-06-06,35862.37890625,36436.421875,35304.578125,35538.609375,28913440585,36510.226953125,42178.32044270833,52.77598230045603
2021-06-07,33560.70703125,36790.5703125,33480.640625,35835.265625,33683936663,36296.537109375,41336.884765625,35.73240583879618
2021-06-08,33472.6328125,34017.38671875,31114.443359375,33589.51953125,49902050442,36182.19375,40511.56197916667,36.16499718799642
2021-06-09,37345.12109375,37537.37109375,32475.865234375,33416.9765625,53972919008,36348.89296875,39894.40611979167,45.31385006544178
2021-06-10,36702.59765625,38334.32421875,35847.59375,37389.515625,43576032854,36285.8671875,39227.673567708334,45.786567128203096
2021-06-11,37334.3984375,37608.6953125,36044.44921875,36697.03125,38699736985,36350.814453125,38833.80234375,54.43001787785335
2021-06-12,35552.515625,37408.92578125,34728.19140625,37340.14453125,37924228550,36148.548046875,38361.67981770833,52.44194733206169
2021-06-13,39097.859375,39322.78125,34864.109375,35555.7890625,40669112838,36137.457421875,38002.25729166667,57.89502162842965
2021-06-14,40218.4765625,40978.36328125,38757.28515625,39016.96875,43148914673,36469.864453125,37784.20026041667,56.83038898466988
2021-06-15,40406.26953125,41295.26953125,39609.46875,40427.16796875,46420149185,36955.295703125,37582.540625,59.00473288572943
2021-06-16,38347.0625,40516.77734375,38176.03515625,40168.69140625,39211635100,37203.7640625,37409.525651041666,51.76776080649156
2021-06-17,38053.50390625,39513.671875,37439.67578125,38341.421875,37096670047,37653.04375,37247.662369791666,47.181214795803506
2021-06-18,35787.24609375,38187.26171875,35255.85546875,38099.4765625,36200887275,37884.505078125,37207.155859375,47.292224391714676
2021-06-19,35615.87109375,36457.796875,34933.0625,35854.52734375,31207279719,37711.580078125,37034.926953125,50.165812303958006
2021-06-20,35698.296875,36059.484375,33432.07421875,35563.140625,36664034054,37611.15,36981.38046875,49.56922587823876
2021-06-21,31676.693359375,35721.640625,31295.935546875,35641.14453125,52809038594,37045.3794921875,36786.049153645836,45.463476758792496
2021-06-22,32505.66015625,33292.453125,28893.62109375,31622.376953125,58964353058,36740.6939453125,36710.5517578125,47.751837436626964
2021-06-23,33723.02734375,34753.41015625,31772.6328125,32515.71484375,46317108925,36203.2107421875,36544.4533203125,40.39269258783804
2021-06-24,34662.4375,35228.8515625,32385.21484375,33682.80078125,33123368116,35647.6068359375,36419.79381510417,44.672546017902036
2021-06-25,31637.779296875,35487.24609375,31350.884765625,34659.10546875,40230904226,34770.7578125,36164.579817708334,36.77693665057564
2021-06-26,32186.27734375,32637.587890625,30184.501953125,31594.6640625,38585385521,34154.679296875,35956.2234375,41.71166424582865
2021-06-27,34649.64453125,34656.12890625,32071.7578125,32287.5234375,35511640894,33814.293359375,35921.29140625,38.431234223966996
2021-06-28,34434.3359375,35219.890625,33902.07421875,34679.12109375,33892523752,33679.00234375,35915.233723958336,34.2134149617857
2021-06-29,35867.77734375,36542.109375,34252.484375,34475.55859375,37901460044,33704.19296875,35921.555338541664,38.401766187758476
2021-06-30,35040.8359375,36074.7578125,34086.15234375,35908.38671875,34059036099,33638.446875,35845.1546875,40.98294289682258
2021-07-01,33572.1171875,35035.984375,32883.78125,35035.984375,37838957079,33827.9892578125,35741.39440104167,38.51417712977322
2021-07-02,33897.046875,33939.58984375,32770.6796875,33549.6015625,38728974942,33967.1279296875,35618.78997395833,44.620031998007626
2021-07-03,34668.546875,34909.26171875,33402.6953125,33854.421875,24383958643,34061.6798828125,35467.44934895833,47.39275309748651
2021-07-04,35287.78125,35937.56640625,34396.4765625,34665.56640625,24924307911,34124.2142578125,35413.895182291664,48.90259616850556
2021-07-05,33746.00390625,35284.34375,33213.66015625,35284.34375,26721554282,34335.03671875,35353.69674479167,56.3772662445922
2021-07-06,34235.1953125,35038.53515625,33599.91796875,33723.5078125,26501259870,34539.928515625,35299.457291666666,55.444150490164255
2021-07-07,33855.328125,34997.6640625,33839.2890625,34225.6796875,24796027477,34460.496875,35309.277994791664,50.43962967732021
2021-07-08,32877.37109375,33907.90625,32133.18359375,33889.60546875,29910396946,34304.800390625,35289.4359375,44.083459783627575
2021-07-09,33798.01171875,34042.29296875,32318.880859375,32861.671875,27436021028,34097.823828125,35171.198958333334,58.32050821617453
2021-07-10,33520.51953125,34209.0703125,33116.01171875,33811.2421875,22971873468,33945.7921875,35065.1296875,55.24863746191439
2021-07-11,34240.1875,34584.703125,33346.73828125,33509.078125,20108729370,34012.59921875,34961.98932291667,48.1331748512093
2021-07-12,33155.84765625,34592.15625,32697.30859375,34254.015625,24321499537,33938.479296875,34882.100390625,44.599016679873756
2021-07-13,32702.025390625,33327.1015625,32261.419921875,33125.46875,19120856669,33741.8271484375,34668.905924479164,35.41945190923937
2021-07-14,32822.34765625,33061.3984375,31639.125,32723.845703125,21376531210,33495.2837890625,34422.36829427083,39.07090585937831
2021-07-15,31780.73046875,33159.640625,31175.708984375,32827.875,21300524237,33298.7564453125,34134.850325520834,40.7872839829581
2021-07-16,31421.5390625,32218.40625,31100.673828125,31841.55078125,23699476918,33017.3908203125,33903.99954427083,37.313703234382096
2021-07-17,31533.068359375,31935.9453125,31223.990234375,31397.30859375,18895018942,32785.16484375,33686.651692708336,32.765752331998925
2021-07-18,31796.810546875,32398.99609375,31215.4921875,31533.884765625,18787986667,32677.1087890625,33553.63717447917,30.03141790823004
2021-07-19,30817.83203125,31885.859375,30563.734375,31800.01171875,20434789545,32379.0908203125,33393.7025390625,32.098048393721996
2021-07-20,29807.34765625,31006.1875,29360.955078125,30838.28515625,23148267245,32007.7736328125,33197.337565104164,24.55158274553895
2021-07-21,32110.693359375,32752.326171875,29526.18359375,29796.28515625,28203024559,31794.82421875,33211.80423177083,41.78850948595185
2021-07-22,32313.10546875,32576.400390625,31745.298828125,32138.873046875,19555230518,31710.55,33205.3857421875,47.13500532728913
2021-07-23,33581.55078125,33581.55078125,32057.892578125,32305.958984375,22552046192,31798.5025390625,33200.66985677083,48.93843725335438
2021-07-24,34292.4453125,34490.390625,33424.859375,33593.73046875,21664706865,31945.5123046875,33188.33678385417,53.63129559263954
2021-07-25,35350.1875,35364.92578125,33881.8359375,34290.29296875,20856685287,32302.4580078125,33312.083723958334,55.06069774085154
2021-07-26,37337.53515625,40499.67578125,35287.3125,35384.03125,51022126212,32894.0576171875,33483.792317708336,67.6147074000358
2021-07-27,39406.94140625,39406.94140625,36441.7265625,37276.03515625,35097370560,33681.444921875,33642.368880208334,74.85979907466883
2021-07-28,39995.90625,40816.0703125,38862.4375,39503.1875,38702404695,34501.3544921875,33827.754557291664,75.70412205192805
2021-07-29,40008.421875,40593.0703125,39352.05859375,39995.453125,27167146027,35420.4134765625,33965.776041666664,81.82859344777563
2021-07-30,42235.546875,42235.546875,38397.35546875,40027.484375,33072782960,36663.2333984375,34205.59973958333,86.55126193856812
2021-07-31,41626.1953125,42231.44921875,41110.83203125,42196.3046875,25802845343,37614.78359375,34474.069010416664,83.00401577903929
2021-08-01,39974.89453125,42541.6796875,39540.94140625,41460.84375,26688438115,38380.9625,34676.66393229167,74.51711774400164
2021-08-02,39201.9453125,40419.1796875,38746.34765625,39907.26171875,25595265436,38943.001953125,34827.77721354167,75.44915050256053
2021-08-03,38152.98046875,39750.03125,37782.05078125,39178.40234375,26189830450,39329.05546875,34923.283854166664,75.27330652632894
2021-08-04,39747.50390625,39952.296875,37589.1640625,38213.33203125,25372562724,39768.787109375,35123.33385416667,74.16414985548035
2021-08-05,40869.5546875,41341.93359375,37458.00390625,39744.515625,35185031017,40121.9890625,35344.479166666664,75.5850469254624
2021-08-06,42816.5,43271.66015625,39932.1796875,40865.8671875,38226483046,40462.944921875,35643.184895833336,76.53708529121967
2021-08-07,44555.80078125,44689.859375,42618.56640625,42832.796875,40030862141,40918.934375,36032.46588541667,77.84643892682291
2021-08-08,43798.1171875,45282.3515625,43331.91015625,44574.4375,36302664750,41297.90390625,36365.802734375,73.30022465576556
2021-08-09,46365.40234375,46456.83203125,42848.6875,43791.92578125,38734079049,41710.889453125,36793.965494791664,74.12788646122996
2021-08-10,45585.03125,46637.98828125,44705.5546875,46280.84765625,33546019517,42106.773046875,37172.126953125,67.7334292516688
2021-08-11,45593.63671875,46735.6328125,45351.7109375,45599.703125,34319709073,42668.647265625,37586.719921875,66.62135387657491
2021-08-12,44428.2890625,46228.91015625,43861.4453125,45576.87890625,33723620826,43191.281640625,37977.595377604164,62.28300124492445
2021-08-13,47793.3203125,47831.9765625,44282.41796875,44439.69140625,31744259539,44155.315625,38476.62779947917,64.52654840331405
2021-08-14,47096.9453125,48098.68359375,46177.6328125,47810.6875,31211354442,44890.259765625,38987.168294270836,64.23433839809216
2021-08-15,47047.00390625,47357.10546875,45579.58984375,47096.66796875,30988958446,45508.0046875,39508.01712239583,70.07368385572263
2021-08-16,46004.484375,47998.09765625,45700.3203125,47019.9609375,32776876610,45826.803125,39990.39765625,69.01750031560238
2021-08-17,44695.359375,47139.5703125,44512.41796875,45936.45703125,33451362600,45840.758984375,40420.349283854164,68.02794400263329
2021-08-18,44801.1875,45952.0625,44364.02734375,44686.75,32194123075,45941.066015625,40886.4611328125,65.17038649487657
2021-08-19,46717.578125,46970.76171875,43998.31640625,44741.8828125,37204312299,45976.28359375,41450.135481770834,66.75579398449923
2021-08-20,49339.17578125,49342.15234375,46650.70703125,46723.12109375,34706867452,46351.698046875,42024.418229166666,67.99318894429715
2021-08-21,48905.4921875,49717.01953125,48312.19921875,49327.07421875,40585205312,46682.88359375,42577.497786458334,62.93028230100108
2021-08-22,49321.65234375,49471.609375,48199.94140625,48869.10546875,25370975378,47172.219921875,43102.16783854167,66.76006623309355
2021-08-23,49546.1484375,50482.078125,49074.60546875,49291.67578125,34305053719,47347.502734375,43610.624609375,61.25093645999744
2021-08-24,47706.1171875,49878.76953125,47687.1171875,49562.34765625,35361168834,47408.419921875,44022.488932291664,56.979491274189876
2021-08-25,48960.7890625,49202.87890625,47163.61328125,47727.2578125,32646349931,47599.7984375,44409.93072916667,60.23998401500423
2021-08-26,46942.21875,49347.58203125,46405.78125,49002.640625,32666549568,47693.571875,44661.106640625,57.26803620748381
2021-08-27,49058.66796875,49112.78515625,46394.28125,46894.5546875,34511076995,48129.902734375,44963.19869791667,53.942915012774684
2021-08-28,48902.40234375,49283.50390625,48499.23828125,49072.5859375,28568103401,48540.02421875,45259.664713541664,55.821902537544716
2021-08-29,48829.83203125,49644.11328125,47925.85546875,48911.25,25889650240,48751.249609375,45479.47421875,55.74055533474541
2021-08-30,47054.984375,48925.60546875,46950.2734375,48834.8515625,31847007016,48522.83046875,45660.433854166666,53.23018322564775
2021-08-31,47166.6875,48189.55078125,46750.09375,47024.33984375,34730363427,48348.95,45900.16028645833,58.20316187247744
2021-09-01,48847.02734375,49111.08984375,46562.4375,47099.7734375,39139399125,48301.4875,46221.66302083333,62.15859474543883
2021-09-02,49327.72265625,50343.421875,48652.3203125,48807.84765625,39508070319,48279.644921875,46594.15442708333,58.584825834660286
2021-09-03,50025.375,50982.2734375,48386.0859375,49288.25,43206179619,48511.570703125,46936.75013020833,52.583943942153496
2021-09-04,49944.625,50545.58203125,49548.78125,50009.32421875,37471327794,48609.954296875,47239.25247395833,54.01979296747029
2021-09-05,51753.41015625,51868.6796875,49538.59765625,49937.859375,30322676319,49091.0734375,47537.14947916667,58.49206245273321
2021-09-06,52633.53515625,52700.94140625,51053.6796875,51769.00390625,38884105426,49448.56015625,47806.40729166667,60.30953210172689
2021-09-07,46811.12890625,52853.765625,43285.20703125,52660.48046875,65210059683,49239.4328125,47906.841015625,47.63927988026442
2021-09-08,46091.390625,47334.0546875,44561.39453125,46827.76171875,49007762488,48965.588671875,47897.707291666666,42.211567619148596
2021-09-09,46391.421875,47261.94921875,45669.73828125,45774.7421875,38672657013,48899.232421875,47924.58697916667,48.351140510650154
2021-09-10,44883.91015625,47031.7421875,44344.484375,46396.6640625,39154666597,48670.9546875,47900.929427083334,37.02961419601759
2021-09-11,45201.45703125,45969.29296875,44818.265625,44869.83984375,34499835245,48306.39765625,47926.70169270833,38.61577082017609
2021-09-12,46063.26953125,46364.87890625,44790.4609375,45206.62890625,27881980161,47979.95234375,47869.03333333333,41.884031398613416
2021-09-13,44963.07421875,46598.6796875,43591.3203125,46057.21484375,40969943253,47473.722265625,47797.904296875,43.61026111438171
2021-09-14,47092.4921875,47218.125,44752.33203125,44960.05078125,38652152880,47188.508984375,47799.420572916664,49.798239840716334
2021-09-15,48176.34765625,48450.46875,46773.328125,47098.0,30484496466,46830.802734375,47871.816015625,48.11506477070175
2021-09-16,47783.359375,48486.828125,47079.55859375,48158.90625,31764293754,46345.78515625,47974.749348958336,45.6380859242692
2021-09-17,47267.51953125,48160.921875,46832.5234375,47771.00390625,28727713711,46391.42421875,48056.96041666667,42.12985887250949
2021-09-18,48278.36328125,48791.78125,47087.28515625,47273.52734375,28575630451,46610.121484375,48108.986588541666,45.484654220055084
2021-09-19,47260.21875,48328.3671875,46919.8046875,48268.85546875,26967722648,46697.001171875,48039.68802083333,37.27894924151922
2021-09-20,42843.80078125,47328.19921875,42598.9140625,47261.40625,43909845642,46492.990234375,47837.631640625,26.907463703162037
2021-09-21,40693.67578125,43607.609375,39787.609375,43012.234375,48701090088,46042.212109375,47550.032421875,32.545966978314254
2021-09-22,43574.5078125,43978.62109375,40625.6328125,40677.953125,38139709246,45793.3359375,47350.977734375,43.607287542583556
2021-09-23,44895.09765625,44942.17578125,43109.33984375,43560.296875,34244064430,45786.53828125,47257.277083333334,46.38675874642293
2021-09-24,42839.75,45080.4921875,40936.55859375,44894.30078125,42839345714,45361.2640625,47053.242447916666,45.19110687660552
2021-09-25,42716.59375,42996.2578125,41759.921875,42840.890625,31604717236,44815.288671875,46912.38828125,44.1003930629062
2021-09-26,43208.5390625,43919.30078125,40848.4609375,42721.62890625,30661222077,44357.806640625,46717.383984375,43.10108272100228
2021-09-27,42235.73046875,44313.24609375,42190.6328125,43234.18359375,30980029059,43854.627734375,46495.16158854167,43.3681006209783
2021-09-28,41034.54296875,42775.14453125,40931.6640625,42200.8984375,30214940550,43130.245703125,46235.318619791666,34.57287381934117
2021-09-29,41564.36328125,42545.2578125,40829.66796875,41064.984375,30602359905,42560.66015625,46052.29791666667,32.673039489060486
2021-09-30,43790.89453125,44092.6015625,41444.58203125,41551.26953125,31141681925,42655.36953125,45939.771484375,40.45485525541388
2021-10-01,48116.94140625,48436.01171875,43320.0234375,43816.7421875,42850641582,43397.69609375,45915.435286458334,51.717822467347055
2021-10-02,47711.48828125,48282.0625,47465.49609375,48137.46875,30614346492,43811.394140625,45861.560807291666,48.82480833492055
2021-10-03,48199.953125,49130.69140625,47157.2890625,47680.02734375,26638115879,44141.8796875,45800.71341145833,51.99191417245459
2021-10-04,49112.90234375,49456.77734375,47045.00390625,48208.90625,33383173002,44769.194921875,45772.98932291667,65.60622627058947
2021-10-05,51514.8125,51839.984375,49072.83984375,49174.9609375,35873904236,45649.016796875,45765.03606770833,76.60449883342876
2021-10-06,55361.44921875,55568.46484375,50488.19140625,51486.6640625,49034730168,46864.3078125,45855.966536458334,77.66517790590277
2021-10-07,53805.984375,55338.625,53525.46875,55338.625,36807860413,48021.333203125,46089.12838541667,70.68669668787885
2021-10-08,53967.84765625,55922.98046875,53688.0546875,53802.14453125,34800873924,49314.663671875,46351.676953125,78.32407522482438
2021-10-09,54968.22265625,55397.9453125,53735.14453125,53929.78125,32491211414,50655.049609375,46637.5703125,79.85077737802258
2021-10-10,54771.578125,56401.3046875,54264.2578125,54952.8203125,39527792364,51753.11796875,46967.15924479167,78.58437094912682
2021-10-11,57484.7890625,57793.0390625,54519.765625,54734.125,42637331698,52689.902734375,47376.60364583333,84.70971233083527
2021-10-12,56041.05859375,57627.87890625,54477.97265625,57526.83203125,41083758949,53522.859765625,47709.196614583336,83.78460759155259
2021-10-13,57401.09765625,57688.66015625,54370.97265625,56038.2578125,41684252783,54442.97421875,48123.79739583333,84.3689270347263
2021-10-14,57321.5234375,58478.734375,56957.07421875,57372.83203125,36615791366,55263.836328125,48464.76510416667,82.38175768844962
2021-10-15,61593.94921875,62757.12890625,56868.14453125,57345.90234375,51780081801,56271.75,48912.01848958333,82.3364234060732
2021-10-16,60892.1796875,62274.4765625,60206.12109375,61609.52734375,34250964237,56824.823046875,49348.979166666664,81.18205551166004
2021-10-17,61553.6171875,61645.5234375,59164.46875,60887.65234375,29032367511,57599.586328125,49825.182421875,81.3348143379037
2021-10-18,62026.078125,62614.66015625,60012.7578125,61548.8046875,38055562075,58405.409375,50283.43958333333,80.94081512276748
2021-10-19,64261.9921875,64434.53515625,61622.93359375,62043.1640625,40471196346,59334.786328125,50850.165364583336,80.78798836741518
2021-10-20,65992.8359375,66930.390625,63610.67578125,64284.5859375,40788955582,60456.912109375,51621.79986979167,78.60090253098338
2021-10-21,62210.171875,66600.546875,62117.41015625,66002.234375,45908121370,60929.450390625,52339.01640625,70.18980067250787
2021-10-22,60692.265625,63715.0234375,60122.796875,62237.890625,38434082775,61394.57109375,52909.60833333333,65.16626630342947
2021-10-23,61393.6171875,61743.87890625,59826.5234375,60694.62890625,26882546034,61793.823046875,53459.558984375,64.68999214640937
2021-10-24,60930.8359375,61505.8046875,59643.34375,61368.34375,27316183882,62154.754296875,54062.59518229167,63.91224109927854
2021-10-25,63039.82421875,63729.32421875,60691.80078125,60893.92578125,31064911614,62299.341796875,54740.03619791667,62.89955503855746
2021-10-26,60363.79296875,63229.02734375,59991.16015625,63032.76171875,34878965587,62246.503125,55311.87799479167,59.49459403064572
2021-10-27,58482.38671875,61435.18359375,58208.1875,60352.0,43657076893,61939.380078125,55853.433203125,52.321802243947516
2021-10-28,60622.13671875,62128.6328125,58206.91796875,58470.73046875,45257083247,61798.9859375,56506.35299479167,56.51118200226955
2021-10-29,62227.96484375,62927.609375,60329.96484375,60624.87109375,36856881767,61595.583203125,57195.13971354167,51.39779512347701
2021-10-30,61888.83203125,62330.14453125,60918.38671875,62239.36328125,32157938616,61185.1828125,57798.404296875,52.23299468600074
2021-10-31,61318.95703125,62406.171875,60074.328125,61850.48828125,32241199927,61096.061328125,58238.471484375,49.472079060978636
2021-11-01,61004.40625,62419.00390625,59695.18359375,61320.44921875,36150572843,61127.275390625,58681.56875,47.6850709433158
2021-11-02,63226.40234375,64242.79296875,60673.0546875,60963.25390625,37746665647,61310.55390625,59182.450390625,47.65205438930706
2021-11-03,62970.046875,63516.9375,61184.23828125,63254.3359375,36124731509,61514.475,59644.355208333334,42.655509758118924
2021-11-04,61452.23046875,63123.2890625,60799.6640625,62941.8046875,32615846901,61355.715625,59975.60247395833,47.93067886718604
2021-11-05,61125.67578125,62541.46875,60844.609375,61460.078125,30605102446,61431.90390625,60167.743359375,51.26562193797924
2021-11-06,61527.48046875,61590.68359375,60163.78125,61068.875,29094934221,61736.41328125,60425.1265625,50.39786098491753
2021-11-07,63326.98828125,63326.98828125,61432.48828125,61554.921875,24726754302,62006.8984375,60737.097916666666,56.59748191867378
2021-11-08,67566.828125,67673.7421875,63344.06640625,63344.06640625,41125608330,62540.784765625,61157.051432291664,61.155504388899104
2021-11-09,66971.828125,68530.3359375,66382.0625,67549.734375,42357991721,63049.084375,61563.72643229167,68.14455346016646
2021-11-10,64995.23046875,68789.625,63208.11328125,66953.3359375,48730828378,63416.71171875,61814.074479166666,67.79017409378615
2021-11-11,64949.9609375,65579.015625,64180.48828125,64978.890625,35880633236,63811.2671875,62111.037890625,63.34913572797486
2021-11-12,64155.94140625,65460.81640625,62333.9140625,64863.98046875,36084893887,63904.22109375,62336.19934895833,56.26034698386847
2021-11-13,64469.52734375,64915.67578125,63303.734375,64158.12109375,30474228777,64054.169140625,62574.466145833336,58.393720635356246
2021-11-14,65466.83984375,65495.1796875,63647.80859375,64455.37109375,25122092191,64455.630078125,62703.5625,63.12603619314813
2021-11-15,63557.87109375,66281.5703125,63548.14453125,65521.2890625,30558763548,64698.849609375,62792.41888020833,57.33980833253799
2021-11-16,60161.24609375,63721.1953125,59016.3359375,63721.1953125,46844335592,64562.226171875,62746.006510416664,41.746691545375946
2021-11-17,60368.01171875,60823.609375,58515.41015625,60139.62109375,39178392930,64266.328515625,62690.737630208336,42.974941125724655
2021-11-18,56942.13671875,60948.5,56550.79296875,60360.13671875,41388338699,63203.859375,62446.742447916666,38.960852456583794
2021-11-19,58119.578125,58351.11328125,55705.1796875,56896.12890625,38702407772,62318.634375,62184.300520833334,42.936340313823756
2021-11-20,59697.1953125,59859.87890625,57469.7265625,58115.08203125,30624264863,61788.830859375,62100.53463541667,45.92444453026643
2021-11-21,58730.4765625,60004.42578125,58618.9296875,59730.5078125,26123447605,61166.882421875,62035.14166666667,39.37057407230424
2021-11-22,56289.2890625,59266.359375,55679.83984375,58706.84765625,35036121783,60380.2171875,61864.997395833336,21.55438644061384
2021-11-23,57569.07421875,57875.515625,55632.76171875,56304.5546875,37485803899,59690.171875,61752.938671875,27.0751424431556
2021-11-24,56280.42578125,57803.06640625,55964.22265625,57565.8515625,36635566789,58771.53046875,61527.625390625,28.014925084856273
2021-11-25,57274.6796875,59367.96875,57146.68359375,57165.41796875,34284016248,58143.211328125,61424.654947916664,31.522091989676525
2021-11-26,53569.765625,59183.48046875,53569.765625,58960.28515625,41810748221,57484.06328125,61260.90091145833,27.647148970398064
2021-11-27,54815.078125,55329.2578125,53668.35546875,53736.4296875,30560857714,56928.769921875,61067.332291666666,30.38624559064523
2021-11-28,57248.45703125,57393.84375,53576.734375,54813.0234375,28116886357,56959.401953125,60901.34869791667,34.22423403884552
2021-11-29,57806.56640625,58872.87890625,56792.52734375,57291.90625,32370840356,56928.10078125,60765.273177083334,38.35609548239908
2021-11-30,57005.42578125,59113.40234375,56057.28125,57830.11328125,36708594618,56658.923828125,60621.48880208333,42.860506046949624
2021-12-01,57229.828125,59041.68359375,56553.08203125,56907.96484375,36858195307,56508.858984375,60495.66953125,42.90606701140805
2021-12-02,56477.81640625,57349.234375,55895.1328125,57217.37109375,32379968686,56527.71171875,60270.71666666667,48.80606279756525
2021-12-03,53598.24609375,57482.16796875,52496.5859375,56509.1640625,39789134215,56130.62890625,59958.32330729167,39.30978111789746
2021-12-04,49200.703125,53904.6796875,42874.6171875,53727.87890625,61385677469,55422.656640625,59549.9390625,28.10217705156151
2021-12-05,49368.84765625,49768.1484375,47857.49609375,49201.51953125,37198201161,54632.0734375,59158.04479166667,29.796559194390397
2021-12-06,50582.625,50929.51953125,47281.03515625,49413.48046875,37707308001,54333.359375,58793.21627604167,36.99542843429127
2021-12-07,50700.0859375,51934.78125,50175.80859375,50581.828125,33676814852,53921.86015625,58372.31953125,33.471057212183695
2021-12-08,50504.796875,51171.375,48765.98828125,50667.6484375,28479699446,53247.494140625,57803.58515625,35.33010321188529
2021-12-09,47672.12109375,50797.1640625,47358.3515625,50450.08203125,29603577251,52234.049609375,57160.26158854167,27.693089477003497
2021-12-10,47243.3046875,50015.25390625,47023.69921875,47642.14453125,30966005122,51257.8375,56568.53072916667,32.664981802006
2021-12-11,49362.5078125,49458.2109375,46942.34765625,47264.6328125,25775869261,50471.10546875,56048.948958333334,35.74232244014945
2021-12-12,50098.3359375,50724.8671875,48725.8515625,49354.85546875,21939223599,49833.157421875,55580.362109375,29.48194354177535
2021-12-13,46737.48046875,50205.0,45894.84765625,50114.7421875,32166727776,49147.080859375,54989.29388020833,22.63746514125036
2021-12-14,46612.6328125,48431.3984375,46424.49609375,46709.82421875,34638619079,48888.273828125,54360.8203125,23.42054570822367
2021-12-15,48896.72265625,49473.95703125,46671.96484375,48379.75390625,36541828520,48841.061328125,53872.11536458333,30.719431313716868
2021-12-16,47665.42578125,49425.57421875,47529.87890625,48900.46484375,27268150947,48549.34140625,53455.58802083333,30.052895849712982
2021-12-17,46202.14453125,48004.89453125,45618.21484375,47653.73046875,32902725329,48099.547265625,52983.39244791667,32.111782440806635
2021-12-18,46848.77734375,47313.828125,45598.44140625,46219.25390625,26098292690,47733.9453125,52646.94713541667,43.05076795620028
2021-12-19,46707.015625,48089.6640625,46502.953125,46853.8671875,25154053861,47637.434765625,52266.52838541667,42.1228073055252
2021-12-20,46880.27734375,47401.71875,45579.80859375,46707.0625,30961902129,47601.13203125,51839.29778645833,38.32457451507863
2021-12-21,48936.61328125,49300.91796875,46698.7734375,46886.078125,27055803928,47558.542578125,51512.835677083334,45.04480376633067
2021-12-22,48628.51171875,49544.796875,48450.94140625,48937.09765625,24447979559,47411.56015625,51257.47643229167,44.76102534166894
2021-12-23,50784.5390625,51332.33984375,48065.8359375,48626.34375,28223878108,47816.266015625,51031.32526041667,59.03179506897241
2021-12-24,50822.1953125,51814.02734375,50514.49609375,50806.05078125,24367912228,48237.222265625,50849.38424479167,60.62667746118497
2021-12-25,50429.859375,51176.59765625,50236.70703125,50854.91796875,19030650914,48390.5359375,50621.22356770833,53.53139720509353
2021-12-26,50809.515625,51196.37890625,49623.10546875,50428.69140625,20964372926,48704.944921875,50529.215234375,52.409775379529485
2021-12-27,50640.41796875,51956.328125,50499.46875,50802.609375,24324345758,49148.772265625,50390.059895833336,66.87481970841235
2021-12-28,47588.85546875,50679.859375,47414.2109375,50679.859375,33430376883,49222.780078125,50068.07317708333,53.36835303786996
2021-12-29,46444.7109375,48119.7421875,46201.49609375,47623.87109375,30049226299,49196.549609375,49689.34466145833,40.81722814773421
2021-12-30,47178.125,47879.96484375,46060.3125,46490.60546875,26686491018,49226.334375,49361.76796875,48.10437033135721
2021-12-31,46306.4453125,48472.52734375,45819.953125,47169.37109375,36974172400,48963.317578125,48997.65520833333,50.42531236988238
2022-01-01,47686.8125,47827.3125,46288.484375,46311.74609375,24582667004,48869.14765625,48704.621744791664,53.22435248283422
2022-01-02,47345.21875,47881.40625,46856.9375,47680.92578125,27951569547,48525.215625,48496.1875,52.41830916701698
2022-01-03,46458.1171875,47510.7265625,45835.96484375,47343.54296875,33071628362,48088.8078125,48404.76796875,48.482428989842795
2022-01-04,45897.57421875,47406.546875,45752.46484375,46458.8515625,42494677905,47635.579296875,48289.058854166666,37.75892126628485
2022-01-05,43569.00390625,46929.046875,42798.22265625,45899.359375,36851084859,46911.528125,48055.271484375,32.47334264311077
2022-01-06,43160.9296875,43748.71875,42645.5390625,43565.51171875,30208048289,46163.579296875,47803.96627604167,19.95218569980453
2022-01-07,41557.90234375,43153.5703125,41077.4453125,43153.5703125,84196607520,45560.483984375,47505.73645833333,17.496372967237605
2022-01-08,41733.94140625,42228.94140625,40672.27734375,41561.46484375,28066355845,45089.40703125,47307.797135416666,19.02031407818751
2022-01-09,41911.6015625,42663.94921875,41338.16015625,41734.7265625,21294384372,44562.7546875,47130.07369791667,17.837799219251238
2022-01-10,41821.26171875,42199.484375,39796.5703125,41910.23046875,32104232331,44114.236328125,46878.698828125,17.939940710934863
2022-01-11,42735.85546875,43001.15625,41407.75390625,41819.5078125,26327648900,43619.140625,46633.2828125,29.112774420895832
2022-01-12,43949.1015625,44135.3671875,42528.98828125,42742.1796875,33499938689,43279.52890625,46540.33684895833,39.32245427318429
2022-01-13,42591.5703125,44278.421875,42447.04296875,43946.7421875,47691135082,42892.87421875,46406.301432291664,31.371170259822918
2022-01-14,43099.69921875,43346.6875,41982.6171875,42598.87109375,23577403399,42613.08671875,46213.06731770833,36.57907686573143
2022-01-15,43177.3984375,43724.671875,42669.03515625,43101.8984375,18371348298,42573.926171875,46063.46640625,28.81740334147797
2022-01-16,43113.87890625,43436.80859375,42691.0234375,43172.0390625,17902097845,42569.22109375,45960.52421875,29.590442078369378
2022-01-17,42250.55078125,43179.390625,41680.3203125,43118.12109375,21690904261,42638.4859375,45807.25,29.65846045650656
2022-01-18,42375.6328125,42534.40234375,41392.21484375,42250.07421875,22417209227,42702.655078125,45662.87057291667,32.224697977368066
2022-01-19,41744.328125,42478.3046875,41242.9140625,42374.0390625,23091543258,42685.927734375,45491.672265625,38.88690367715667
2022-01-20,40680.41796875,43413.0234375,40672.82421875,41744.02734375,20382033940,42571.843359375,45216.46575520833,36.010169439248834
2022-01-21,36457.31640625,41060.52734375,35791.42578125,40699.60546875,43011992031,41943.989453125,44810.75924479167,27.795512270243293
2022-01-22,35030.25,36688.8125,34349.25,36471.58984375,39714385405,41052.104296875,44285.61627604167,23.683173406180003
2022-01-23,36276.8046875,36433.3125,34784.96875,35047.359375,26017975951,40420.627734375,43800.769921875,29.59206425019184
2022-01-24,36654.328125,37247.51953125,33184.05859375,36275.734375,41856658597,39776.090625,43341.585546875,31.667906144158763
2022-01-25,36954.00390625,37444.5703125,35779.4296875,36654.8046875,26428189594,39153.751171875,42879.73515625,28.550258471476553
2022-01-26,36852.12109375,38825.41015625,36374.90625,36950.515625,31324598034,38527.575390625,42420.125260416666,21.305178036973572
2022-01-27,37138.234375,37148.32421875,35629.28125,36841.87890625,25041426629,38016.34375,42071.771223958334,25.859279569163604
2022-01-28,37784.33203125,37952.87890625,36211.109375,37128.4453125,22238830523,37557.213671875,41783.09192708333,26.753990348543056
2022-01-29,38138.1796875,38576.26171875,37406.47265625,37780.71484375,17194183075,37196.598828125,41481.760416666664,28.481444240645388
2022-01-30,37917.6015625,38266.33984375,37437.7109375,38151.91796875,14643548444,36920.3171875,41202.13229166667,28.104465431724464
2022-01-31,38483.125,38647.26171875,36733.57421875,37920.28125,20734730465,37122.898046875,40895.34270833333,33.7165432765767
2022-02-01,38743.2734375,39115.1328125,38113.6640625,38481.765625,20288500328,37494.200390625,40608.61119791667,34.481511001811725
2022-02-02,36952.984375,38834.6171875,36832.73046875,38743.71484375,19155189416,37561.818359375,40291.7734375,31.374485536718225
2022-02-03,37154.6015625,37154.6015625,36375.5390625,36944.8046875,18591534769,37611.845703125,40000.341015625,35.30912221822555
2022-02-04,41500.875,41527.78515625,37093.62890625,37149.265625,29412210792,38066.5328125,39931.40338541667,70.80128253666703
2022-02-05,41441.1640625,41847.1640625,41038.09765625,41501.48046875,19652846215,38525.437109375,39874.077864583334,79.80202608031831
2022-02-06,42412.43359375,42500.78515625,41244.90625,41441.12109375,16142097334,39052.85703125,39902.562239583334,79.27150029761228
2022-02-07,43840.28515625,44401.86328125,41748.15625,42406.78125,28641855926,39658.45234375,39972.773697916666,81.1596240393915
2022-02-08,44118.4453125,45293.8671875,42807.8359375,43854.65234375,33079398868,40256.47890625,40046.33515625,81.1244038057329
2022-02-09,44338.796875,44727.80078125,43232.96875,44096.703125,23245887300,40898.5984375,40130.25299479167,82.19291335276185
2022-02-10,43565.11328125,45661.171875,43402.80859375,44347.80078125,32142048537,41406.797265625,40157.894921875,76.52358842034432
2022-02-11,42407.9375,43810.83203125,42114.5390625,43571.12890625,26954925781,41773.263671875,40106.522786458336,68.30916176599341
2022-02-12,42244.46875,42992.55078125,41852.57421875,42412.30078125,18152390304,42302.412109375,40094.952734375,66.50955101107473
2022-02-13,42197.515625,42693.0546875,41950.94140625,42236.56640625,14741589015,42806.703515625,40064.87994791667,67.45126296750058
2022-02-14,42586.91796875,42775.77734375,41681.95703125,42157.3984375,20827783012,42915.3078125,40045.197265625,66.97696621351491
2022-02-15,44575.203125,44667.21875,42491.03515625,42586.46484375,22721659051,43228.71171875,40093.90807291667,71.10801326731722
2022-02-16,43961.859375,44578.27734375,43456.69140625,44578.27734375,19792547657,43383.654296875,40150.95169270833,77.73036202882531
2022-02-17,40538.01171875,44132.97265625,40249.37109375,43937.0703125,26246662813,43053.426953125,40089.69765625,60.666638260162365
2022-02-18,40030.9765625,40929.15234375,39637.6171875,40552.1328125,23310007704,42644.680078125,40032.5859375,43.88588802108891
2022-02-19,40122.15625,40418.87890625,39713.05859375,40026.0234375,13736557863,42223.016015625,40013.977213541664,44.52785032576911
2022-02-20,38431.37890625,40119.890625,38112.8125,40118.1015625,18340576452,41709.642578125,40079.779296875,34.41432166552276
2022-02-21,37075.28125,39394.4375,36950.4765625,38423.2109375,29280402798,41176.376953125,40147.947005208334,23.365626631159103
2022-02-22,38286.02734375,38359.85546875,36488.93359375,37068.76953125,25493150450,40780.5328125,40214.92109375,28.608167441812483
2022-02-23,37296.5703125,39122.39453125,37201.81640625,38285.28125,21849073843,40290.43828125,40236.32916666667,25.55029169148513
2022-02-24,38332.609375,38968.83984375,34459.21875,37278.56640625,46383802093,39865.007421875,40282.28268229167,32.15844174179894
2022-02-25,39214.21875,39630.32421875,38111.34375,38333.74609375,26545599159,39328.908984375,40361.019270833334,38.90163680739754
2022-02-26,39105.1484375,40005.34765625,38702.53515625,39213.08203125,17467554129,38843.237890625,40426.58307291667,39.04927259131034
2022-02-27,37709.78515625,39778.94140625,37268.9765625,39098.69921875,23450127612,38560.415234375,40424.09817708333,35.69169171862005
2022-02-28,43193.234375,43760.45703125,37518.21484375,37706.0,35690014104,38876.641015625,40592.6,51.45915389999837
2022-03-01,44354.63671875,44793.6015625,42952.5859375,43194.50390625,32479047645,39299.8890625,40807.16783854167,49.44718586127298
2022-03-02,43924.1171875,45077.578125,43432.8515625,44357.6171875,29183112630,39849.162890625,40988.53424479167,49.90453037084348
2022-03-03,42451.7890625,44021.578125,41914.75,43925.1953125,24967782593,40386.813671875,41112.15143229167,55.37123034193085
2022-03-04,39137.60546875,42479.61328125,38805.84765625,42458.140625,28516271427,40471.971484375,41184.97213541667,47.833960216991336
2022-03-05,39400.5859375,39566.3359375,38777.03515625,39148.44921875,16975917450,40682.373046875,41259.83828125,48.26495744157256
2022-03-06,38419.984375,39640.17578125,38211.6484375,39404.19921875,19745229902,40691.110546875,41157.141927083336,49.97163259887989
2022-03-07,38062.0390625,39430.2265625,37260.203125,38429.3046875,28546143503,40575.892578125,41044.50442708333,52.58507168940744
2022-03-08,38737.26953125,39304.44140625,37957.38671875,38059.90234375,25776583476,40539.1046875,40921.99895833333,51.21627443804242
2022-03-09,41982.92578125,42465.671875,38706.09375,38742.81640625,32284121034,40966.41875,40860.08697916667,61.2618238134226
2022-03-10,39437.4609375,42004.7265625,38832.94140625,41974.0703125,31078064711,40590.84140625,40704.05416666667,52.475491200007845
2022-03-11,38794.97265625,40081.6796875,38347.43359375,39439.96875,26364890465,40034.875,40519.260026041666,49.050477640879244
2022-03-12,38904.01171875,39308.59765625,38772.53515625,38794.46484375,14616450657,39532.864453125,40363.889973958336,49.54445829100773
2022-03-13,37849.6640625,39209.3515625,37728.14453125,38884.7265625,17300745310,39072.651953125,40211.947526041666,50.32177319684713
2022-03-14,39666.75390625,39742.5,37680.734375,37846.31640625,24322159070,39125.566796875,40126.023697916666,40.24177779315071
2022-03-15,39338.78515625,39794.62890625,38310.2109375,39664.25,23934000868,39119.38671875,40030.732682291666,35.44935880351085
2022-03-16,41143.9296875,41465.453125,39022.34765625,39335.5703125,39616916192,39391.78125,39982.633072916666,42.53058174582519
2022-03-17,40951.37890625,41287.53515625,40662.87109375,41140.84375,22009601093,39680.715234375,39861.83893229167,45.671233994424185
2022-03-18,41801.15625,42195.74609375,40302.3984375,40944.83984375,34421564942,39987.10390625,39789.81549479167,58.95836032087077
2022-03-19,42190.65234375,42316.5546875,41602.66796875,41794.6484375,19664853187,40007.8765625,39844.903515625,59.30468711936484
2022-03-20,41247.82421875,42241.1640625,41004.7578125,42191.40625,20127946682,40188.912890625,39885.465104166666,59.45447901481708
2022-03-21,41077.99609375,41454.41015625,40668.04296875,41246.1328125,24615543271,40417.215234375,39917.326432291666,60.21187573885766
2022-03-22,42358.80859375,43124.70703125,40948.28125,41074.10546875,32004652376,40762.694921875,40048.24075520833,61.77928412103804
2022-03-23,42892.95703125,42893.5078125,41877.5078125,42364.37890625,25242943069,41267.02421875,40242.16328125,53.59384082250713
2022-03-24,43960.93359375,44131.85546875,42726.1640625,42886.65234375,31042992291,41696.4421875,40431.326822916664,70.22387551410682
2022-03-25,44348.73046875,44999.4921875,43706.28515625,43964.546875,30574413034,42197.43671875,40666.398828125,75.40880714453705
2022-03-26,44500.828125,44735.99609375,44166.2734375,44349.859375,16950455995,42533.1265625,40872.006119791666,75.50531419678958
2022-03-27,46820.4921875,46827.546875,44437.29296875,44505.35546875,28160889722,43120.037890625,41125.548567708334,86.65398545288788
2022-03-28,47128.00390625,48086.8359375,46690.203125,46821.8515625,36362175703,43652.72265625,41392.97708333333,84.77594668542669
2022-03-29,47465.73046875,48022.2890625,47100.4375,47100.4375,31397059069,44180.23046875,41718.17526041667,87.8442456318549
2022-03-30,47062.6640625,47655.1484375,46746.2109375,47456.8984375,29333883962,44761.714453125,41847.15625,81.70088943490589
2022-03-31,45538.67578125,47512.02734375,45390.5390625,47062.1484375,33327427106,45207.782421875,41886.62421875,71.5028491071821
2022-04-01,46281.64453125,46616.2421875,44403.140625,45554.1640625,38162644287,45600.066015625,41965.20846354167,71.21461364232428
2022-04-02,45868.94921875,47028.28125,45782.51171875,46285.5,29336594194,45897.665234375,42079.11380208333,67.37814825805862
2022-04-03,46453.56640625,47313.4765625,45634.10546875,45859.12890625,25414397610,46146.928515625,42322.979166666664,75.45620486756057
2022-04-04,46622.67578125,46791.08984375,45235.81640625,46445.2734375,32499785455,46374.323046875,42563.715494791664,77.11552347949674
2022-04-05,45555.9921875,47106.140625,45544.80859375,46624.5078125,29640604055,46479.839453125,42801.582421875,65.96986700476435
2022-04-06,43206.73828125,45544.35546875,43193.953125,45544.35546875,39393395788,46118.4640625,42973.07239583333,51.3267530820153
2022-04-07,43503.84765625,43860.69921875,42899.90625,43207.5,26101973106,45756.0484375,43131.958333333336,47.932540324774955
2022-04-08,42287.6640625,43903.01953125,42183.2890625,43505.13671875,27215995394,45238.241796875,43142.11627604167,41.327431446449914
2022-04-09,42782.13671875,42786.81640625,42183.25390625,42282.078125,16050772496,44810.1890625,43253.60546875,42.9706164947551
2022-04-10,42207.671875,43376.37890625,42021.20703125,42781.08984375,17654475582,44477.088671875,43367.362109375,27.991957782083333
2022-04-11,39521.90234375,42424.58984375,39373.05859375,42201.0390625,33949912166,43801.114453125,43387.95846354167,20.42293956027264
2022-04-12,40127.18359375,40617.5859375,39388.328125,39533.71484375,30991500854,43226.937890625,43463.87578125,22.045045339967928
2022-04-13,41166.73046875,41430.0546875,39712.74609375,40123.5703125,27691105228,42698.254296875,43513.875,28.57916118973327
2022-04-14,39935.515625,41451.48046875,39695.74609375,41160.21875,24342001973,42029.53828125,43533.766015625,29.20036460035631
2022-04-15,40553.46484375,40617.72265625,39866.83203125,39939.40234375,21756855753,41529.285546875,43514.08385416667,28.537062439222595
2022-04-16,40424.484375,40633.6796875,40078.42578125,40552.31640625,16833150693,41251.06015625,43496.520703125,29.156970058229007
2022-04-17,39716.953125,40570.7265625,39620.89453125,40417.77734375,19087633042,40872.370703125,43427.047265625,24.450687098535724
2022-04-18,40826.21484375,40986.3203125,38696.19140625,39721.203125,33705182072,40726.22578125,43381.566015625,29.479670146705956
2022-04-19,41502.75,41672.9609375,40618.6328125,40828.17578125,25303206547,40598.287109375,43390.06354166667,35.24328813723231
2022-04-20,41374.37890625,42126.30078125,40961.09765625,41501.74609375,27819532341,40514.9578125,43399.94296875,42.04198905825239
2022-04-21,40527.36328125,42893.58203125,40063.828125,41371.515625,35372786395,40615.50390625,43338.894791666666,37.66232083989093
2022-04-22,39740.3203125,40777.7578125,39315.41796875,40525.86328125,28011716745,40576.817578125,43233.806901041666,39.05162919386466
2022-04-23,39486.73046875,39935.859375,39352.203125,39738.72265625,16138021249,40408.817578125,43084.666796875,35.537018077184456
2022-04-24,39469.29296875,39845.92578125,39233.5390625,39478.375,17964398167,40362.1953125,42922.018880208336,37.3638872415863
2022-04-25,40458.30859375,40491.75390625,38338.37890625,39472.60546875,35445730570,40352.6796875,42787.268229166664,55.123260010788506
2022-04-26,38117.4609375,40713.890625,37884.984375,40448.421875,34569088416,40121.97734375,42497.1671875,40.75933488778593
2022-04-27,39241.12109375,39397.91796875,37997.3125,38120.30078125,30981015184,40074.394140625,42234.27109375,41.21404566394949
2022-04-28,39773.828125,40269.46484375,38941.421875,39241.4296875,33903704907,39969.15546875,41977.874348958336,49.2120450203423
2022-04-29,38609.82421875,39887.26953125,38235.53515625,39768.6171875,30882994649,39679.862890625,41696.113020833334,41.00666007310753
2022-04-30,37714.875,38771.2109375,37697.94140625,38605.859375,23895713731,39313.9125,41435.319661458336,38.29235787989836
2022-05-01,38469.09375,38627.859375,37585.7890625,37713.265625,27002760110,39108.085546875,41174.90130208333,44.62993246314521
2022-05-02,38529.328125,39074.97265625,38156.5625,38472.1875,32922642426,38986.986328125,40930.247265625,39.134496872488064
2022-05-03,37750.453125,38629.99609375,37585.62109375,38528.109375,27326943244,38813.35859375,40640.14348958333,32.41984697059763
2022-05-04,39698.37109375,39902.94921875,37732.05859375,37748.01171875,36754404490,38836.26640625,40409.333333333336,43.29141529813361
2022-05-05,36575.140625,39789.28125,35856.515625,39695.74609375,43106256317,38447.949609375,40109.97161458333,36.618720240685256
2022-05-06,36040.921875,36624.359375,35482.1328125,36573.18359375,37795577489,38240.295703125,39871.111067708334,37.256554145845755
2022-05-07,35501.953125,36129.92578125,34940.82421875,36042.50390625,24375896406,37866.37890625,39604.38125,36.53817375245884
2022-05-08,34059.265625,35502.94140625,33878.96484375,35502.94140625,36763041910,37294.92265625,39330.101302083334,33.32866284023278
2022-05-09,30296.953125,34222.07421875,30296.953125,34060.015625,63355494961,36463.635546875,38913.928515625,23.257946983171863
2022-05-10,31022.90625,32596.30859375,29944.802734375,30273.654296875,59811038817,35794.438671875,38541.10299479167,29.59451163610086
2022-05-11,28936.35546875,32013.40234375,28170.4140625,31016.18359375,70388855818,34841.16484375,38188.25143229167,21.9167652446736
2022-05-12,29047.751953125,30032.439453125,26350.490234375,28936.734375,66989173272,33893.0072265625,37818.93704427083,20.081544019224523
2022-05-13,29283.103515625,30924.802734375,28782.330078125,29030.91015625,42841124537,33046.272265625,37422.816145833334,22.563409268368076
2022-05-14,30101.265625,30192.802734375,28702.91015625,29285.642578125,28579868620,32086.56171875,37095.0078125,27.50125821301431
2022-05-15,31305.11328125,31308.19140625,29527.740234375,30098.5859375,25835372065,31559.558984375,36786.72942708333,29.37794674411832
2022-05-16,29862.91796875,31305.341796875,29251.884765625,31304.375,32613897286,30941.75859375,36434.67721354167,26.891628598872558
2022-05-17,30425.857421875,30694.490234375,29570.302734375,29862.408203125,29101473475,30434.1490234375,36124.9740234375,30.241957705213593
2022-05-18,28720.271484375,30618.716796875,28720.271484375,30424.478515625,31285268319,29900.249609375,35721.442578125,19.994371262433376
2022-05-19,30314.333984375,30430.751953125,28708.955078125,28720.359375,33773447707,29901.9876953125,35348.495377604166,31.326891434481922
2022-05-20,29200.740234375,30664.9765625,28793.60546875,30311.119140625,30749382605,29719.77109375,34942.707421875,30.28039532306967
2022-05-21,29432.2265625,29588.869140625,29027.39453125,29199.859375,17274840442,29769.358203125,34572.86953125,32.185718399870865
2022-05-22,30323.72265625,30425.861328125,29275.18359375,29432.47265625,21631532270,29896.9552734375,34258.98294270833,38.66982706510182
2022-05-23,29098.91015625,30590.5859375,28975.560546875,30309.396484375,31483454557,29878.5359375,33912.722265625,45.70514904875813
2022-05-24,29655.5859375,29774.35546875,28786.58984375,29101.125,26616506245,29833.96796875,33585.59869791667,45.0380867813863
2022-05-25,29562.361328125,30157.78515625,29384.94921875,29653.134765625,27525063551,29659.6927734375,33222.40045572917,52.655981695217626
2022-05-26,29267.224609375,29834.16015625,28261.90625,29564.77734375,36774325352,29600.1234375,32927.392578125,50.91687081464017
2022-05-27,28627.57421875,29346.943359375,28326.61328125,29251.140625,36582005748,29420.2951171875,32573.607682291666,47.350940637032046
2022-05-28,28814.900390625,28814.900390625,28554.56640625,28622.625,35519577634,29429.7580078125,32208.310091145835,44.52239142862988
2022-05-29,29445.95703125,29498.009765625,28841.107421875,29019.8671875,18093886409,29342.9203125,31902.8478515625,41.67733934500648
2022-05-30,31726.390625,31949.630859375,29303.572265625,29443.365234375,39277993274,29595.4853515625,31703.231705729166,57.75963226048866
2022-05-31,31792.310546875,32249.86328125,31286.154296875,31723.865234375,33538210634,29831.49375,31480.672265625,55.93570115228064
2022-06-01,29799.080078125,31957.28515625,29501.587890625,31792.5546875,41135817341,29779.0294921875,31189.663997395834,54.57195689853542
2022-06-02,30467.48828125,30604.734375,29652.705078125,29794.890625,29083562061,29915.8873046875,30946.898502604166,50.704322762429044
2022-06-03,29704.390625,30633.03515625,29375.689453125,30467.806640625,26175547452,29920.7677734375,30613.7658203125,52.39333083483735
2022-06-04,29832.9140625,29930.564453125,29500.005859375,29706.138671875,16588370958,29947.823046875,30389.024934895835,51.92287071911195
2022-06-05,29906.662109375,30117.744140625,29574.44921875,29835.1171875,17264085441,30011.766796875,30184.549609375,47.82809112669928
2022-06-06,31370.671875,31693.291015625,29894.1875,29910.283203125,31947336829,30286.0765625,30046.840234375,61.54298686899923
2022-06-07,31155.478515625,31489.68359375,29311.68359375,31371.7421875,40770974039,30520.134375,29950.047330729165,57.89503660660183
2022-06-08,30214.35546875,31253.69140625,29944.404296875,31151.48046875,30242059107,30596.97421875,29947.294075520833,53.150686793299066
2022-06-09,30111.998046875,30609.310546875,30020.265625,30215.279296875,21692004719,30435.5349609375,29916.93046875,54.15977416709112
2022-06-10,29083.8046875,30245.80859375,28978.146484375,30110.330078125,29867476527,30164.684375,29921.845442708334,52.163743080079335
2022-06-11,28360.810546875,29401.916015625,28236.212890625,29084.666015625,27246574439,30020.857421875,29898.947395833333,47.95054163513798
2022-06-12,26762.6484375,28502.685546875,26762.6484375,28373.513671875,34163220274,29650.3734375,29814.9322265625,38.86168241817006
2022-06-13,22487.388671875,26795.58984375,22141.2578125,26737.578125,68204556440,28928.6732421875,29561.136328125,17.098088596753215
2022-06-14,22206.79296875,23018.951171875,20950.818359375,22487.986328125,50913575242,28166.0611328125,29257.858984375,16.378157889003873
2022-06-15,22572.83984375,22642.671875,20178.376953125,22196.73046875,54912007015,27432.67890625,29014.856380208334,21.387375144790198
2022-06-16,20381.650390625,22868.921875,20265.2265625,22576.3046875,31183975654,26333.7767578125,28680.049479166668,14.362241380428827
2022-06-17,20471.482421875,21243.3125,20326.51953125,20385.71875,27132421514,25265.3771484375,28405.08984375,15.746265293265935
2022-06-18,19017.642578125,20736.041015625,17708.623046875,20473.42578125,42009436760,24145.705859375,28028.533463541666,13.468202456212993
2022-06-19,20553.271484375,20683.822265625,18067.15234375,19010.90234375,35329942625,23189.833203125,27740.284505208332,21.245862747325518
2022-06-20,20599.537109375,20913.322265625,19689.169921875,20553.37109375,30818458597,22341.4064453125,27445.8615234375,13.725447118930859
2022-06-21,20710.59765625,21620.62890625,20415.0625,20594.294921875,28970212744,21576.38515625,27125.4240234375,14.575729132235097
2022-06-22,19987.029296875,20835.75,19848.078125,20719.4140625,28574793478,20898.8232421875,26821.694661458332,14.794043726082606
2022-06-23,21085.876953125,21135.76171875,19950.1171875,19986.607421875,26188097173,20758.6720703125,26536.0376953125,20.9237825594564
2022-06-24,21231.65625,21472.91796875,20777.51171875,21084.6484375,24957784918,20661.1583984375,26258.347526041667,23.180850047577096
2022-06-25,21502.337890625,21520.9140625,20964.5859375,21233.609375,18372538715,20554.108203125,25999.51796875,25.827906746222965
2022-06-26,21027.294921875,21783.724609375,21016.26953125,21496.494140625,18027170497,20618.67265625,25746.175325520835,28.048407263541463
2022-06-27,20735.478515625,21478.08984375,20620.19921875,21028.23828125,20965695707,20645.072265625,25476.861263020834,40.35312514787936
2022-06-28,20280.634765625,21164.423828125,20228.8125,20731.544921875,21381535161,20771.371484375,25171.350520833334,39.59333301676242
2022-06-29,20104.0234375,20364.15625,19937.791015625,20281.169921875,23552740328,20726.4466796875,24783.93828125,36.38271219774528
2022-06-30,19784.7265625,20141.16015625,18729.65625,20108.3125,26267239923,20644.965625,24383.685481770834,45.85072803176866
2022-07-01,19269.3671875,20632.671875,19073.708984375,19820.470703125,30767551159,20500.842578125,24032.695052083334,42.11069936640309
2022-07-02,19242.255859375,19371.748046875,19027.08203125,19274.8359375,18100418740,20426.365234375,23658.520638020833,51.81376290903585
2022-07-03,19297.076171875,19558.26953125,18966.951171875,19242.095703125,16390821947,20247.48515625,23311.61015625,36.66772246097362
2022-07-04,20231.26171875,20258.748046875,19063.06640625,19297.314453125,21594638208,20147.445703125,22991.555078125,46.711254504742556
2022-07-05,20190.115234375,20635.466796875,19341.232421875,20225.353515625,26715546990,20016.2234375,22667.670182291666,45.293254277342406
2022-07-06,20548.24609375,20595.529296875,19823.51171875,20194.619140625,24598943708,19968.3185546875,22306.92265625,55.43427814725843
2022-07-07,21637.587890625,21771.81640625,20296.103515625,20547.814453125,25814972520,20058.5294921875,21989.659635416665,55.35208534961466
2022-07-08,21731.1171875,22314.94140625,21257.453125,21637.154296875,49899834488,20203.577734375,21706.885026041666,54.894835045950096
2022-07-09,21592.20703125,21877.138671875,21445.95703125,21716.828125,29641127858,20352.39609375,21422.8919921875,50.90408945599016
2022-07-10,20860.44921875,21591.080078125,20727.123046875,21591.080078125,28688807249,20459.968359375,21148.780143229167,48.40395896647164
2022-07-11,19970.556640625,20856.353515625,19924.5390625,20856.353515625,24150249025,20530.0873046875,20869.105013020835,43.43407654588569
2022-07-12,19323.9140625,20043.4453125,19308.53125,19970.474609375,25810220018,20538.253125,20621.147200520834,42.04950449089113
2022-07-13,20212.07421875,20223.052734375,18999.953125,19325.97265625,33042430345,20629.7529296875,20545.303385416668,50.80295928859101
2022-07-14,20569.919921875,20789.89453125,19689.2578125,20211.466796875,31158743333,20663.61875,20490.740950520834,55.80177791555147
2022-07-15,20836.328125,21138.244140625,20397.0,20573.15625,25905575359,20728.2400390625,20432.8572265625,62.02047491936248
2022-07-16,21190.31640625,21514.404296875,20518.8984375,20834.103515625,24302954056,20792.4470703125,20459.812760416666,64.23030620196735
2022-07-17,20779.34375,21600.640625,20778.1796875,21195.041015625,22927802083,20706.62265625,20470.0748046875,60.29222101041345
2022-07-18,22485.689453125,22633.033203125,20781.912109375,20781.912109375,39974475562,20782.0798828125,20585.6763671875,64.137760572513
2022-07-19,23389.43359375,23666.962890625,21683.40625,22467.849609375,48765202697,20961.8025390625,20680.215104166666,68.10456019556737
2022-07-20,23231.732421875,24196.818359375,23009.94921875,23393.19140625,42932549127,21198.930859375,20767.954947916667,65.5379946318264
2022-07-21,23164.62890625,23388.322265625,22431.1484375,23233.201171875,33631012204,21518.3380859375,20849.755989583333,60.02916474360142
2022-07-22,22714.978515625,23671.927734375,22603.416015625,23163.751953125,31421555646,21857.44453125,20940.687630208333,56.172958569831664
2022-07-23,22465.478515625,22977.2109375,22002.91015625,22706.984375,24021799169,22082.7849609375,20986.674348958335,55.404099726045146
2022-07-24,22609.1640625,22974.001953125,22306.83984375,22465.509765625,23565495303,22286.709375,21032.591276041665,61.67110738010074
2022-07-25,21361.701171875,22649.12109375,21361.642578125,22607.15625,35574561406,22339.2466796875,21027.903385416666,58.86168394713242
2022-07-26,21239.75390625,21361.12109375,20776.81640625,21361.12109375,28624673855,22344.1904296875,21034.9853515625,63.07826989412696
2022-07-27,22930.548828125,22986.529296875,21070.806640625,21244.169921875,31758955233,22559.3109375,21108.154361979166,66.72464811596738
2022-07-28,23843.88671875,24110.470703125,22722.265625,22933.640625,40212386158,22695.1306640625,21226.929427083334,68.85351589344131
2022-07-29,23804.6328125,24294.787109375,23481.173828125,23845.212890625,35887249746,22736.6505859375,21350.283072916667,67.5525326791724
2022-07-30,23656.20703125,24572.580078125,23580.5078125,23796.818359375,28148218301,22779.098046875,21479.332421875,64.94492611439213
2022-07-31,23336.896484375,24121.642578125,23275.703125,23652.0703125,23553591896,22796.3248046875,21614.916731770834,65.67461433731279
2022-08-01,23314.19921875,23464.787109375,22890.796875,23336.71875,25849159141,22856.246875,21750.648177083334,56.39813900620904
2022-08-02,22978.1171875,23415.041015625,22710.083984375,23308.43359375,28389250717,22907.5107421875,21873.349544270834,46.51837082886958
2022-08-03,22846.5078125,23578.650390625,22747.8359375,22981.302734375,26288169966,22931.2451171875,21960.5244140625,46.72476030396536
2022-08-04,22630.95703125,23198.009765625,22485.701171875,22848.21484375,25120229769,23058.170703125,22041.885807291666,45.57435262516496
2022-08-05,23289.314453125,23422.828125,22612.177734375,22626.833984375,28881249043,23263.1267578125,22133.254752604167,54.603514739513024
2022-08-06,22961.279296875,23326.5625,22961.279296875,23291.423828125,15978259885,23266.1998046875,22177.377799479167,53.924616443532216
2022-08-07,23175.890625,23359.009765625,22894.556640625,22963.505859375,15886817043,23199.4001953125,22225.5369140625,54.43623203118407
2022-08-08,23809.486328125,24203.689453125,23176.546875,23179.52734375,28575544847,23199.885546875,22299.446223958334,71.1980495844508
2022-08-09,23164.318359375,23898.615234375,22982.0,23811.484375,23555719219,23150.6966796875,22376.241861979168,65.28201038655052
2022-08-10,23947.642578125,24127.4140625,22771.51953125,23162.8984375,32837431722,23211.7712890625,22508.811393229167,59.43612848233933
2022-08-11,23957.529296875,24822.62890625,23900.99609375,23948.345703125,37127036580,23276.104296875,22663.265234375,51.26666187736336
2022-08-12,24402.818359375,24412.56640625,23657.265625,23957.203125,27265804688,23418.5744140625,22802.956705729168,56.113986844600596
2022-08-13,24424.068359375,24860.05078125,24346.115234375,24402.1875,22987346289,23576.33046875,22931.4283203125,58.0576997254834
2022-08-14,24319.333984375,24974.9140625,24206.259765625,24429.056640625,22994133555,23745.1681640625,23047.528515625,60.79556234327368
2022-08-15,24136.97265625,25135.58984375,23839.775390625,24318.31640625,35123501685,23829.933984375,23145.750390625,58.7345932689349
2022-08-16,23883.291015625,24228.416015625,23733.5,24126.13671875,27753685646,23922.13515625,23249.215299479165,59.78047126166558
2022-08-17,23335.998046875,24407.05859375,23243.353515625,23881.31640625,30931623076,23938.1458984375,23277.558919270832,54.85303167553998
2022-08-18,23212.73828125,23563.83203125,23177.6015625,23341.0390625,23747613147,23878.47109375,23271.669075520833,55.875572128194584
2022-08-19,20877.552734375,23213.3125,20868.84765625,23213.3125,40509610260,23649.79453125,23193.196419270833,31.805373419344193
2022-08-20,21166.060546875,21350.806640625,20856.73046875,20872.841796875,27595671000,23371.636328125,23126.577473958332,36.375392365315086
2022-08-21,21534.12109375,21668.845703125,21103.197265625,21160.392578125,23102307723,23129.2955078125,23087.215559895834,37.82358711567466
2022-08-22,21398.908203125,21531.462890625,20939.18359375,21531.462890625,31666498758,22828.9044921875,23051.663216145833,30.694416375777948
2022-08-23,21528.087890625,21646.203125,20955.138671875,21401.044921875,31878280659,22539.3064453125,23015.62734375,35.71533314690656
2022-08-24,21395.01953125,21783.076171875,21195.005859375,21526.455078125,31962253368,22246.875,23016.737955729168,24.860766428061154
2022-08-25,21600.904296875,21789.63671875,21362.44140625,21395.458984375,31028679593,21993.2681640625,23028.776302083334,27.65371736746971
2022-08-26,20260.01953125,21804.908203125,20199.482421875,21596.0859375,42326789564,21630.941015625,22939.758658854167,16.420073425460814
2022-08-27,20041.73828125,20340.775390625,19890.5234375,20262.48046875,30116729776,21301.5150390625,22813.020377604167,15.578004930680521
2022-08-28,19616.814453125,20139.0546875,19616.814453125,20041.03515625,24366810591,20941.92265625,22673.426432291668,14.831957493773231
2022-08-29,20297.994140625,20357.462890625,19600.78515625,19615.154296875,32637854078,20883.966796875,22561.486002604168,23.28329595867031
2022-08-30,19796.80859375,20542.64453125,19617.640625,20298.611328125,34483360283,20747.0416015625,22443.483072916668,22.507916059937372
2022-08-31,20049.763671875,20420.990234375,19799.58203125,19799.58203125,33225232872,20598.605859375,22334.6685546875,26.979962993954373
2022-09-01,20127.140625,20198.390625,19653.96875,20050.498046875,30182031010,20471.4291015625,22239.636002604166,28.24557992380157
2022-09-02,19969.771484375,20401.568359375,19814.765625,20126.072265625,29123998928,20315.5974609375,22143.744791666668,40.763448706758815
2022-09-03,19832.087890625,20037.009765625,19698.35546875,19969.71875,23613051457,20159.304296875,22050.449153645834,35.99723140485702
2022-09-04,19986.712890625,19999.689453125,19636.81640625,19832.470703125,25245861652,19997.88515625,21940.362434895833,32.994806188272776
2022-09-05,19812.37109375,20031.16015625,19673.046875,19988.7890625,28813460025,19953.1203125,21835.398828125,32.71346652553248
2022-09-06,18837.66796875,20155.26953125,18800.171875,19817.724609375,43403978910,19832.71328125,21690.79140625,25.246680527377904
2022-09-07,19290.32421875,19427.171875,18644.466796875,18837.68359375,35239757134,19800.0642578125,21540.152669270832,31.711185801850192
2022-09-08,19329.833984375,19417.3515625,19076.71484375,19289.94140625,32194477850,19703.2482421875,21412.3365234375,29.677862483353096
2022-09-09,21381.15234375,21439.41015625,19310.962890625,19328.140625,48469528171,19861.6826171875,21326.786848958334,58.90055051243056
2022-09-10,21680.5390625,21760.275390625,21168.72265625,21376.912109375,36913738894,20024.76015625,21250.887174479165,62.84484706496134
2022-09-11,21769.255859375,21770.552734375,21406.9453125,21678.54296875,34493951963,20188.9716796875,21163.1017578125,67.809354819943
2022-09-12,22370.44921875,22439.181640625,21603.896484375,21770.1484375,50212088965,20429.039453125,21094.647786458332,67.37755836999318
2022-09-13,20296.70703125,22673.8203125,20062.669921875,22371.48046875,51091116622,20475.5013671875,20960.560221354168,53.31692160314509
2022-09-14,20241.08984375,20467.201171875,19793.396484375,20184.5546875,37872380889,20500.9390625,20830.6974609375,51.30362434156052
2022-09-15,19701.2109375,20318.166015625,19636.734375,20242.2890625,36389011503,20489.823046875,20691.294791666667,47.2699412615987
2022-09-16,19772.583984375,19870.62890625,19400.076171875,19704.005859375,30123362273,20583.3146484375,20572.514322916668,48.722009139356196
2022-09-17,20127.576171875,20162.53125,19777.033203125,19777.033203125,24957448100,20667.03984375,20469.6755859375,51.86262130615196
2022-09-18,19419.505859375,20127.234375,19387.4921875,20127.234375,31254779144,20676.00703125,20421.0740234375,46.65778662866065
2022-09-19,19544.12890625,19639.48046875,18390.318359375,19418.572265625,40177002624,20492.3046875,20367.009635416667,48.41009279668081
2022-09-20,18890.7890625,19602.45703125,18813.455078125,19545.591796875,36791346508,20213.3296875,20278.898567708333,50.32732534825404
2022-09-21,18547.400390625,19674.630859375,18290.314453125,18891.283203125,46363793975,19891.144140625,20183.848307291668,45.35971348523912
2022-09-22,19413.55078125,19456.91015625,18415.591796875,18534.650390625,41135767926,19595.454296875,20113.363736979165,50.473951414423695
2022-09-23,19297.638671875,19464.671875,18617.552734375,19412.400390625,38896078052,19495.5474609375,20043.451041666667,34.89416018186613
2022-09-24,18937.01171875,19310.197265625,18861.974609375,19296.990234375,26149643168,19365.1396484375,19954.654622395832,30.284024047358116
2022-09-25,18802.09765625,19134.732421875,18696.46875,18936.310546875,23359966112,19275.2283203125,19906.0572265625,28.81757924035341
2022-09-26,19222.671875,19274.873046875,18721.28515625,18803.900390625,44148798321,19220.237109375,19878.755013020833,26.93328715206613
2022-09-27,19110.546875,20338.455078125,18915.66796875,19221.83984375,58571439619,19118.5341796875,19861.879427083335,37.80068714716615
2022-09-28,19426.720703125,19688.34375,18553.296875,19104.62109375,53071298734,19119.2556640625,19832.836979166666,42.050503005296015
2022-09-29,19573.05078125,19589.265625,18924.353515625,19427.779296875,41037843771,19122.1478515625,19825.378385416665,48.644838581766514
2022-09-30,19431.7890625,20109.849609375,19265.662109375,19573.431640625,43975248085,19176.2478515625,19804.779231770834,46.44893018341167
2022-10-01,19312.095703125,19471.154296875,19231.08203125,19431.10546875,18719537670,19252.7173828125,19777.611067708334,41.06456652470734
2022-10-02,19044.107421875,19370.30859375,18970.62109375,19311.849609375,20765955327,19215.773046875,19746.755598958334,45.44762078001808
2022-10-03,19623.580078125,19653.54296875,19025.2265625,19044.068359375,30484729489,19248.3671875,19739.805338541668,50.867759057404484
2022-10-04,20336.84375,20380.34375,19523.83984375,19623.583984375,35887278685,19388.350390625,19751.4763671875,65.58962550198098
2022-10-05,20160.716796875,20343.748046875,19801.80078125,20335.900390625,33223790572,19524.2123046875,19763.087890625,68.0435692460399
2022-10-06,19955.443359375,20408.392578125,19900.087890625,20161.0390625,34711412966,19597.489453125,19800.3470703125,57.1119433400749
2022-10-07,19546.849609375,20041.0859375,19395.79296875,19957.55859375,29227315390,19641.1197265625,19808.897916666665,53.03736649213164
2022-10-08,19416.568359375,19601.6953125,19299.4140625,19546.328125,16437423167,19640.1044921875,19811.7890625,56.19250633417083
2022-10-09,19446.42578125,19542.5390625,19349.259765625,19417.478515625,16837262532,19627.4419921875,19747.298177083332,58.552235896287264
2022-10-10,19141.484375,19515.466796875,19102.978515625,19446.416015625,27425022774,19598.4115234375,19662.663020833334,48.88826365011543
2022-10-11,19051.41796875,19241.9609375,18925.603515625,19139.0,28711532910,19572.34375,19572.068424479166,49.18540060509715
2022-10-12,19157.4453125,19203.19921875,19029.7578125,19052.646484375,24950173846,19583.6775390625,19464.968294270835,46.06227854261835
2022-10-13,19382.904296875,19453.328125,18319.822265625,19156.966796875,44219840004,19559.6099609375,19434.508203125,47.28230678570491
2022-10-14,19185.65625,19889.146484375,19115.408203125,19382.533203125,38452356727,19444.4912109375,19399.327083333334,46.53752779154609
2022-10-15,19067.634765625,19212.541015625,19019.25,19185.4375,16192235532,19335.1830078125,19378.207877604167,46.55942850294292
2022-10-16,19268.09375,19389.603515625,19068.9140625,19068.9140625,17988916650,19266.448046875,19361.391536458334,53.21349251583334
2022-10-17,19550.7578125,19635.802734375,19173.333984375,19268.5625,27472552998,19266.8388671875,19342.1642578125,48.857970559929825
2022-10-18,19334.416015625,19666.994140625,19144.76953125,19550.466796875,30580012344,19258.6236328125,19339.3279296875,31.37693880231673
2022-10-19,19139.53515625,19348.416015625,19127.6875,19335.02734375,22425387184,19227.9345703125,19325.841471354168,31.159811441366585
2022-10-20,19053.740234375,19315.19921875,18971.458984375,19138.0859375,24493974420,19219.16015625,19331.273177083334,32.59688210095551
2022-10-21,19172.46875,19237.384765625,18770.970703125,19053.203125,32459287866,19231.265234375,19352.1087890625,41.86401470294865
2022-10-22,19208.189453125,19248.068359375,19132.244140625,19172.380859375,16104440957,19236.3396484375,19345.263411458334,45.27744825510367
2022-10-23,19567.0078125,19646.65234375,19124.197265625,19207.734375,22128794335,19254.75,19354.2423828125,52.37818256898263
2022-10-24,19345.572265625,19589.125,19206.32421875,19567.76953125,30202235805,19270.7416015625,19367.861067708334,54.162228650319896
2022-10-25,20095.857421875,20348.412109375,19261.447265625,19344.96484375,47761524910,19373.5638671875,19410.986393229166,66.78146094389894
2022-10-26,20770.44140625,20938.134765625,20076.1171875,20092.236328125,58895950537,19523.7986328125,19462.5787109375,71.91307937970245
2022-10-27,20285.8359375,20854.044921875,20255.373046875,20772.802734375,49625110402,19597.3064453125,19501.755013020833,61.45972200256907
2022-10-28,20595.3515625,20724.98046875,20086.068359375,20287.95703125,43994715910,19723.4,19540.709375,67.39567617073583
2022-10-29,20818.4765625,20988.39453125,20566.484375,20595.103515625,40369840645,19891.294140625,19582.223567708334,71.05916612908607
2022-10-30,20635.603515625,20917.005859375,20547.462890625,20817.982421875,31486345556,20049.48046875,19622.350716145833,66.51831992597762
2022-10-31,20495.7734375,20795.3203125,20287.458984375,20633.6953125,45668466815,20181.8109375,19661.806640625,61.82292491354824
2022-11-01,20485.2734375,20647.2890625,20359.845703125,20494.8984375,39819303159,20309.5193359375,19709.8455078125,65.18002284581343
2022-11-02,20159.50390625,20742.810546875,20087.134765625,20482.958984375,55552169483,20368.7689453125,19727.709635416668,63.0045441596293
2022-11-03,20209.98828125,20382.095703125,20086.240234375,20162.689453125,43228750179,20455.210546875,19723.481119791668,64.87604364920018
2022-11-04,21147.23046875,21209.560546875,20188.01953125,20208.76953125,64072727950,20560.3478515625,19756.364908854168,70.98671898481102
2022-11-05,21282.69140625,21446.88671875,21097.634765625,21144.83203125,37846047609,20611.5728515625,19800.606510416666,71.58902386623299
2022-11-06,20926.486328125,21345.376953125,20920.19140625,21285.056640625,35082693210,20675.637890625,19846.594401041668,64.15558405437933
2022-11-07,20602.81640625,21053.24609375,20489.97265625,20924.62109375,53510852236,20676.384375,19886.136002604166,62.818164620607945
2022-11-08,18541.271484375,20664.607421875,17603.544921875,20600.671875,118992465607,20448.6638671875,19855.964192708332,37.49410016057619
2022-11-09,15880.7802734375,18590.458984375,15682.6923828125,18543.76171875,102905151606,19973.18154296875,19747.274055989583,20.18978229607501
2022-11-10,17586.771484375,18054.3125,15834.0185546875,15883.158203125,83202283721,19682.28134765625,19698.452506510417,35.67786537833325
2022-11-11,17034.29296875,17650.943359375,16543.482421875,17583.251953125,55871616488,19337.18330078125,19627.68076171875,31.578824532146143
2022-11-12,16799.185546875,17066.67578125,16651.775390625,17036.875,29717699419,19001.15146484375,19541.556803385418,29.234154652432835
2022-11-13,16353.365234375,16920.765625,16320.634765625,16799.72265625,27209183682,18615.48916015625,19447.147102864583,28.460856828208975
2022-11-14,16618.19921875,17109.32421875,15872.94140625,16352.0283203125,49630243054,18162.58603515625,19365.499251302084,30.738483700769976
2022-11-15,16884.61328125,17051.962890625,16542.55078125,16617.484375,36599436183,17722.77822265625,19286.04990234375,32.5574994583333
2022-11-16,16669.439453125,16960.294921875,16430.111328125,16884.341796875,33925512989,17297.07353515625,19190.00595703125,32.91013372252051
2022-11-17,16687.517578125,16726.439453125,16460.68359375,16670.42578125,27868914022,16905.54365234375,19101.776009114583,32.69653363646377
2022-11-18,16697.77734375,16947.05859375,16564.611328125,16687.912109375,26862218609,16721.19423828125,19020.38408203125,25.952877723129816
2022-11-19,16711.546875,16797.876953125,16570.41015625,16696.220703125,16106223492,16804.2708984375,18942.310970052084,24.96590527667587
2022-11-20,16291.83203125,16746.779296875,16248.6923828125,16712.919921875,21313378652,16674.776953125,18846.28974609375,24.79343504580629
2022-11-21,15787.2841796875,16291.2236328125,15599.046875,16291.2236328125,37429485518,16550.07607421875,18732.2595703125,24.31503977359796
2022-11-22,16189.76953125,16253.0478515625,15656.6064453125,15782.30078125,30726828760,16489.13447265625,18619.6849609375,34.76052266171159
2022-11-23,16610.70703125,16638.193359375,16170.5029296875,16195.5888671875,32958875628,16514.86865234375,18528.522786458332,56.66525236992795
2022-11-24,16604.46484375,16771.474609375,16501.767578125,16611.63671875,26129037414,16513.49521484375,18412.143033854165,36.99229067028339
2022-11-25,16521.841796875,16603.31640625,16388.404296875,16602.26953125,18678255976,16477.21806640625,18270.523046875,42.24969811115653
2022-11-26,16464.28125,16666.86328125,16416.228515625,16521.576171875,18000008764,16456.70224609375,18143.137890625,44.64745918894823
2022-11-27,16444.626953125,16594.40625,16437.025390625,16463.8828125,20443898509,16432.41318359375,18004.780403645833,51.68859657047866
2022-11-28,16217.322265625,16482.93359375,16054.5302734375,16440.22265625,27743025156,16384.36767578125,17851.40859375,42.47819490457064
2022-11-29,16444.982421875,16522.2578125,16139.396484375,16217.6396484375,23581685468,16357.71123046875,17711.721223958335,41.62930507438354
2022-11-30,17168.56640625,17190.9375,16445.4765625,16445.4765625,29523576583,16445.38466796875,17600.814322916667,57.9620257423867
2022-12-01,16967.1328125,17197.498046875,16888.388671875,17168.001953125,22895392882,16563.36953125,17483.54296875,54.21389390252087
2022-12-02,17088.66015625,17088.66015625,16877.880859375,16968.68359375,19539705127,16653.25859375,17381.181510416667,55.69958722334651
2022-12-03,16908.236328125,17116.041015625,16888.140625,17090.09765625,16217776704,16683.0115234375,17271.123111979166,52.735065437333446
2022-12-04,17130.486328125,17157.767578125,16903.439453125,16908.169921875,16824520830,16735.613671875,17137.231640625,62.3395593759627
2022-12-05,16974.826171875,17378.15234375,16922.431640625,17128.89453125,22209086834,16780.912109375,16993.6361328125,69.47207249503688
2022-12-06,17089.50390625,17091.86328125,16939.921875,16975.23828125,19889922369,16843.434375,16865.73671875,66.2904517125584
2022-12-07,16848.126953125,17109.376953125,16750.55859375,17089.505859375,19675404389,16883.784375,16740.580403645832,54.59763550390212
2022-12-08,17233.474609375,17267.916015625,16788.783203125,16847.349609375,20496603770,16985.399609375,16696.987174479167,60.621275332684725
2022-12-09,17133.15234375,17280.546875,17100.8359375,17232.1484375,20328426366,17054.2166015625,16738.73291015625,60.2610781851073
2022-12-10,17128.724609375,17216.826171875,17120.68359375,17134.220703125,12706781969,17050.232421875,16723.464680989582,61.3554811864082
2022-12-11,17104.193359375,17245.634765625,17091.8203125,17129.7109375,14122486832,17063.9384765625,16725.794694010416,61.25337403277727
2022-12-12,17206.4375,17212.564453125,16899.39453125,17102.5,19617581341,17075.7162109375,16739.369759114583,67.62835396014617
2022-12-13,17781.318359375,17930.0859375,17111.763671875,17206.44140625,26634741631,17163.0244140625,16786.968196614584,71.19359970659953
2022-12-14,17815.650390625,18318.53125,17739.513671875,17782.06640625,25534481470,17231.5408203125,16826.883235677084,63.13377135431573
2022-12-15,17364.865234375,17846.744140625,17322.58984375,17813.64453125,20964448341,17270.5447265625,16842.891634114585,57.33069728362565
2022-12-16,16647.484375,17505.525390625,16584.701171875,17364.546875,24031608960,17226.3427734375,16842.159798177083,43.33297521168531
2022-12-17,16795.091796875,16800.58984375,16614.029296875,16646.982421875,14463581825,17221.0392578125,16845.74560546875,48.2730372007999
2022-12-18,16757.9765625,16815.38671875,16697.8203125,16795.609375,10924354698,17173.489453125,16847.75224609375,43.973678506451776
2022-12-19,16439.6796875,16807.52734375,16398.13671875,16759.041015625,17221074814,17104.1421875,16838.690006510416,41.775394533119055
2022-12-20,16906.3046875,17012.984375,16427.8671875,16441.787109375,22722096615,17081.9001953125,16859.172428385416,47.45928815212092
2022-12-21,16817.53515625,16916.80078125,16755.912109375,16904.52734375,14882945045,17053.234375,16893.514127604165,49.556982970021465
2022-12-22,16830.341796875,16866.673828125,16592.408203125,16818.380859375,16441573050,17015.6248046875,16914.866536458332,43.455901749117324
2022-12-23,16796.953125,16905.21875,16794.458984375,16829.64453125,15329265213,16917.18828125,16921.074739583335,44.4212103809162
2022-12-24,16847.755859375,16864.703125,16793.52734375,16796.9765625,9744636213,16820.398828125,16929.184440104167,45.408356729469176
2022-12-25,16841.986328125,16860.5546875,16755.25390625,16847.505859375,11656379938,16768.1109375,16939.855924479165,45.688525601005075
2022-12-26,16919.8046875,16920.123046875,16812.369140625,16842.25,11886957804,16795.34296875,16955.0400390625,45.24872667843402
2022-12-27,16717.173828125,16959.845703125,16642.072265625,16919.291015625,15748580239,16787.551171875,16964.124934895834,29.877219133782532
2022-12-28,16552.572265625,16768.169921875,16497.556640625,16716.400390625,17005713920,16767.0107421875,16975.299934895833,27.236901017393976
2022-12-29,16642.341796875,16651.755859375,16508.68359375,16552.322265625,14472237479,16787.276953125,16981.878580729168,35.030898667262306
2022-12-30,16602.5859375,16643.427734375,16408.474609375,16641.330078125,15929162910,16756.905078125,16963.012565104167,48.706661805677456
2022-12-31,16547.49609375,16628.986328125,16517.51953125,16603.673828125,11239186456,16729.901171875,16949.024674479166,42.46623537004702
2023-01-01,16625.080078125,16630.439453125,16521.234375,16547.9140625,9244361700,16709.375,16933.572005208334,46.05346037800197
2023-01-02,16688.470703125,16759.34375,16572.228515625,16625.509765625,12097775227,16698.5267578125,16926.246484375,58.706275878378285
2023-01-03,16679.857421875,16760.447265625,16622.37109375,16688.84765625,13903079207,16681.7369140625,16911.225520833334,38.336971501574304
2023-01-04,16863.23828125,16964.5859375,16667.763671875,16680.205078125,18421743322,16683.862109375,16907.505924479166,52.14487631213266
2023-01-05,16836.736328125,16884.021484375,16790.283203125,16863.47265625,13692758566,16675.5552734375,16899.080338541666,50.296290665305584
2023-01-06,16951.96875,16991.994140625,16716.421875,16836.47265625,14413662913,16699.034765625,16902.541731770834,56.676289783681746
2023-01-07,16955.078125,16975.017578125,16914.19140625,16952.1171875,7714767174,16739.2853515625,16893.261848958333,54.82023148058803
2023-01-08,17091.14453125,17091.14453125,16924.05078125,16954.146484375,9768827914,16784.165625,16891.861588541666,60.01806202341781
2023-01-09,17196.5546875,17389.95703125,17093.9921875,17093.9921875,18624736866,16843.5625,16894.122591145835,60.8859257984518
2023-01-10,17446.29296875,17484.720703125,17162.990234375,17192.94921875,15808338949,16933.4421875,16905.525911458335,77.65493576475573
2023-01-11,17934.896484375,17934.896484375,17337.994140625,17446.359375,18372283782,17064.423828125,16929.807877604166,92.08639082811032
2023-01-12,18869.587890625,19030.087890625,17995.203125,18117.59375,34971338710,17282.535546875,16966.083528645835,94.77474223161069
2023-01-13,19909.57421875,19964.322265625,18753.1640625,18868.90625,29225029694,17605.5072265625,17035.880989583333,97.41339913572752
2023-01-14,20976.298828125,21075.142578125,19907.828125,19910.537109375,38967784639,18016.81328125,17156.262109375,99.2194937714483
2023-01-15,20880.798828125,20993.748046875,20606.986328125,20977.484375,19298407543,18421.21953125,17297.372591145835,97.10833068849188
2023-01-16,21169.6328125,21360.875,20715.74609375,20882.224609375,26792494050,18842.9859375,17443.190625,97.24579455995519
2023-01-17,21161.51953125,21438.66015625,20978.533203125,21175.833984375,24999983362,19263.630078125,17589.975390625,97.25604846100396
2023-01-18,20688.78125,21564.501953125,20541.544921875,21161.05078125,30005625418,19623.39375,17731.612109375,88.01781832298137
2023-01-19,21086.79296875,21163.01171875,20685.380859375,20686.74609375,21152848261,20012.417578125,17870.96171875,89.33227484651398
2023-01-20,22676.552734375,22692.357421875,20919.126953125,21085.373046875,28799154319,20535.4435546875,18066.2623046875,91.61949249269632
2023-01-21,22777.625,23282.34765625,22511.833984375,22677.427734375,32442278429,21019.71640625,18264.505078125,91.73719131930756
2023-01-22,22720.416015625,23056.73046875,22387.900390625,22777.986328125,24746386230,21404.79921875,18461.953841145834,90.81316007321536
2023-01-23,22934.431640625,23126.486328125,22654.3046875,22721.087890625,26518700512,21707.2849609375,18664.843033854166,90.95559281194036
2023-01-24,22636.46875,23134.01171875,22549.744140625,22929.626953125,26405069715,21873.301953125,18857.992447916666,86.79293873312565
2023-01-25,23117.859375,23722.099609375,22406.076171875,22639.267578125,30685366709,22097.0080078125,19064.594270833335,86.77941886988896
2023-01-26,23032.77734375,23237.078125,22911.373046875,23108.955078125,26357839322,22283.3224609375,19275.114388020833,83.59361234486883
2023-01-27,23078.728515625,23417.720703125,22654.59375,23030.716796875,25383335641,22475.043359375,19492.6529296875,80.4587832082087
2023-01-28,23031.08984375,23165.896484375,22908.845703125,23079.96484375,14712928379,22709.27421875,19705.611197916667,74.55957240483528
2023-01-29,23774.56640625,23919.890625,22985.0703125,23031.44921875,27423687259,22978.0515625,19944.677213541665,79.94839915701914
2023-01-30,22840.138671875,23789.34765625,22657.58203125,23774.6484375,27205595568,22994.41015625,20154.431966145832,65.25060918703619
2023-01-31,23139.283203125,23225.021484375,22765.568359375,22840.796875,22837828665,23030.5759765625,20371.5720703125,67.14463006513373
2023-02-01,23723.76953125,23764.5390625,22877.75,23137.8359375,26683255504,23130.911328125,20606.08203125,75.80935233874905
2023-02-02,23471.87109375,24167.2109375,23468.595703125,23720.82421875,32066936882,23184.6552734375,20832.482486979166,70.79943860796577
2023-02-03,23449.322265625,23678.103515625,23279.955078125,23469.412109375,27083066007,23265.940625,21052.018619791666,59.27404005722997
2023-02-04,23331.84765625,23556.94921875,23291.794921875,23446.3203125,15639298538,23287.339453125,21268.522330729167,56.62516705221368
2023-02-05,22955.666015625,23423.435546875,22841.759765625,23332.248046875,19564262605,23279.6283203125,21468.645572916666,52.61291358260372
2023-02-06,22760.109375,23119.279296875,22692.025390625,22954.021484375,23825006542,23247.76640625,21662.146614583333,48.05583667224447
2023-02-07,23264.291015625,23310.974609375,22756.2578125,22757.267578125,27187964471,23271.0865234375,21867.9181640625,56.69400119034083
2023-02-08,22939.3984375,23367.958984375,22731.09765625,23263.416015625,25371367758,23187.5697265625,22059.3462890625,48.03151065162745
2023-02-09,21819.0390625,22996.4375,21773.974609375,22946.56640625,32572572185,23085.459765625,22205.1044921875,39.101197925728044
2023-02-10,21651.18359375,21941.185546875,21539.392578125,21819.005859375,27078406594,22936.6498046875,22328.980729166666,37.45593979150412
2023-02-11,21870.875,21891.41015625,21618.44921875,21651.841796875,16356226232,22751.3603515625,22429.0236328125,40.104230177974934
2023-02-12,21788.203125,22060.994140625,21682.828125,21870.90234375,17821046406,22582.9935546875,22491.644596354166,30.905387777111045
2023-02-13,21808.1015625,21898.4140625,21460.087890625,21787.0,23918742607,22418.871484375,22519.371354166666,37.96273389273044
2023-02-14,22220.8046875,22293.140625,21632.39453125,21801.822265625,26792596581,22307.7671875,22564.038216145833,39.56369382225073
2023-02-15,24307.841796875,24307.841796875,22082.76953125,22220.5859375,32483312909,22442.984765625,22668.645182291668,54.94729033511111
2023-02-16,23623.474609375,25134.1171875,23602.5234375,24307.349609375,39316664596,22529.3212890625,22750.7103515625,51.196475667710224
2023-02-17,24565.6015625,24924.041015625,23460.755859375,23621.283203125,41358451255,22659.45234375,22879.9376953125,57.69317434451842
2023-02-18,24641.27734375,24798.8359375,24468.373046875,24565.296875,19625427158,22829.640234375,22998.4205078125,59.076622229539055
2023-02-19,24327.642578125,25093.0546875,24327.642578125,24640.02734375,25555105670,23080.5005859375,23053.4568359375,59.593366426904886
2023-02-20,24829.1484375,25020.458984375,23927.91015625,24336.623046875,28987376573,23398.2970703125,23121.840950520833,63.873874345824014
2023-02-21,24436.353515625,25126.8515625,24200.36328125,24833.048828125,31252098714,23654.844921875,23179.0388671875,57.97840856212191
2023-02-22,24188.84375,24472.33984375,23644.318359375,24437.41796875,30199996781,23894.908984375,23220.852604166666,58.59572226716078
2023-02-23,23947.4921875,24572.08984375,23693.919921875,24190.71875,30476264066,24108.848046875,23264.553385416668,66.65762785234715
2023-02-24,23198.126953125,24103.705078125,23007.072265625,23946.0078125,26811744928,24206.5802734375,23267.228971354165,61.0966229368829
2023-02-25,23175.375,23210.2109375,22861.55859375,23200.125,16100721565,24093.33359375,23271.9822265625,59.629588192312646
2023-02-26,23561.212890625,23654.3671875,23084.220703125,23174.150390625,16644534842,24087.107421875,23288.0650390625,62.52734117005442
2023-02-27,23522.87109375,23857.890625,23205.87890625,23561.451171875,22660763494,23982.834375,23304.457747395834,62.0843452231186
2023-02-28,23147.353515625,23585.384765625,23077.650390625,23521.837890625,20535363434,23833.4419921875,23283.550651041667,56.56398890525605
2023-03-01,23646.55078125,23880.6328125,23088.626953125,23150.9296875,24662841200,23765.3328125,23310.4310546875,43.95526862001358
2023-03-02,23475.466796875,23739.138671875,23245.021484375,23647.01953125,20386398516,23629.9646484375,23321.637174479165,48.506991017515766
2023-03-03,22362.6796875,23479.34765625,22213.23828125,23476.6328125,26062404610,23422.597265625,23276.267513020834,28.517952495918422
2023-03-04,22353.349609375,22405.177734375,22198.98046875,22362.923828125,11166012913,23239.0478515625,23238.983463541666,27.39652914804782
2023-03-05,22435.513671875,22613.685546875,22307.142578125,22354.14453125,13317001733,23087.85,23205.18984375,30.41087480851077
2023-03-06,22429.7578125,22584.29296875,22331.314453125,22436.81640625,17353192895,23011.0130859375,23175.120182291666,22.31763486412187
2023-03-07,22219.76953125,22527.41796875,22011.26171875,22428.322265625,22765452204,22915.4525390625,23150.590299479165,23.30048938904241
2023-03-08,21718.080078125,22268.896484375,21708.05078125,22216.44140625,22536575684,22731.1392578125,23115.855989583335,21.956041451723678
2023-03-09,20363.021484375,21802.716796875,20210.306640625,21720.080078125,30364664171,22415.154296875,23019.147005208335,17.525315315602256
2023-03-10,20187.244140625,20370.595703125,19628.25390625,20367.001953125,39578257695,22119.143359375,22927.408528645832,19.558022483554396
2023-03-11,20632.41015625,20792.525390625,20068.66015625,20187.876953125,30180288176,21817.729296875,22887.854231770834,26.312321250536712
2023-03-12,22163.94921875,22185.03125,20448.806640625,20628.029296875,29279035521,21686.5775390625,22904.946419270833,39.27392432483652
2023-03-13,24197.533203125,24550.837890625,21918.19921875,22156.40625,49466362688,21870.062890625,22982.501692708334,53.96457139263107
2023-03-14,24746.07421875,26514.716796875,24081.18359375,24201.765625,54622230164,22109.3353515625,23081.097395833334,59.207457529351444
2023-03-15,24375.9609375,25240.615234375,23964.91015625,24770.92578125,43655701450,22303.380078125,23166.692708333332,54.26427064207613
2023-03-16,25052.7890625,25190.326171875,24225.111328125,24373.45703125,33866061747,22565.683203125,23261.0921875,58.70648128523041
2023-03-17,27423.9296875,27787.8125,24955.169921875,25055.123046875,50730261335,23086.09921875,23364.961783854167,74.5294613658333
2023-03-18,26965.87890625,27725.953125,26636.26171875,27448.1171875,35723036817,23610.8791015625,23476.375260416666,71.42294203269554
2023-03-19,28038.67578125,28440.560546875,26907.716796875,26969.50390625,37769448859,24378.44453125,23592.144401041667,73.83101457081447
2023-03-20,27767.236328125,28527.724609375,27242.880859375,28041.6015625,44774027664,25136.44375,23696.343033854166,72.19932618665088
2023-03-21,28175.81640625,28439.5625,27439.646484375,27768.392578125,36102192830,25890.784375,23824.615494791666,74.36946961352103
2023-03-22,27307.4375,28803.3359375,26759.99609375,28158.720703125,33382021890,26405.133203125,23907.225130208335,72.20290785643229
2023-03-23,28333.97265625,28729.84375,27183.36328125,27301.95703125,24220433689,26818.7771484375,24037.145768229166,82.5120129782706
2023-03-24,27493.28515625,28388.4375,27039.265625,28324.111328125,25980310960,27093.4982421875,24147.293815104167,78.26675579372477
2023-03-25,27494.70703125,27791.826171875,27196.234375,27487.337890625,13383005987,27405.3728515625,24265.534309895833,77.49397690675465
2023-03-26,27994.330078125,28178.14453125,27445.046875,27495.5234375,13878363192,27699.526953125,24425.407747395835,75.46524767058399
2023-03-27,27139.888671875,28037.92578125,26606.689453125,27994.068359375,18188895178,27671.1228515625,24557.558203125,64.32698584425485
2023-03-28,27268.130859375,27460.71875,26677.818359375,27132.888671875,17783600385,27701.348046875,24681.122135416666,62.80455480900753
2023-03-29,28348.44140625,28619.54296875,27259.662109375,27267.03125,20684945906,27732.324609375,24841.974479166667,68.8118070122865
2023-03-30,28033.5625,29159.90234375,27720.16015625,28350.140625,22435349951,27758.9572265625,25004.848111979165,64.6166108176382
2023-03-31,28478.484375,28639.896484375,27583.71484375,28032.26171875,19001327598,27789.2240234375,25165.912565104165,56.375546181535135
2023-04-01,28411.03515625,28802.45703125,28297.171875,28473.33203125,10876469901,27899.5837890625,25330.431510416667,59.17011409351057
2023-04-02,28199.30859375,28518.958984375,27884.087890625,28462.845703125,12284641999,27886.1173828125,25524.985807291665,51.1443305796899
2023-04-03,27790.220703125,28475.623046875,27276.720703125,28183.080078125,19556501327,27915.8109375,25706.21484375,50.160588730732215
2023-04-04,28168.08984375,28433.7421875,27681.3046875,27795.2734375,15284538859,27983.14921875,25897.300716145834,49.94578287824391
2023-04-05,28177.984375,28739.23828125,27843.763671875,28169.7265625,17052315986,28001.5146484375,26088.908268229166,56.94538371640047
2023-04-06,28044.140625,28178.384765625,27738.759765625,28175.2265625,13837809380,28091.93984375,26283.053971354166,47.303586302536765
2023-04-07,27925.859375,28111.59375,27794.03125,28038.966796875,10861680497,28157.7126953125,26489.979947916665,54.64934377912688
2023-04-08,27947.794921875,28159.86328125,27883.38671875,27920.513671875,9373255556,28117.648046875,26742.805729166666,54.84844646813996
2023-04-09,28333.05078125,28532.830078125,27828.48046875,27952.3671875,12175322951,28147.596875,27014.3326171875,53.71555943673898
2023-04-10,29652.98046875,29771.46484375,28189.271484375,28336.02734375,19282400094,28265.046484375,27315.018294270834,75.01272308159452
2023-04-11,30235.05859375,30509.083984375,29609.30078125,29653.6796875,20121259843,28447.448828125,27584.0552734375,77.08304733066353
2023-04-12,30139.052734375,30462.48046875,29725.57421875,30231.58203125,18651929926,28641.4232421875,27782.105924479165,69.92597686499917
2023-04-13,30399.06640625,30539.845703125,29878.623046875,29892.740234375,17487721001,28902.3078125,27970.538997395834,76.64880307480266
2023-04-14,30485.69921875,31005.607421875,30044.498046875,30409.5625,22659995079,29134.06875,28174.196940104168,74.59819757372321
2023-04-15,30318.49609375,30601.740234375,30245.8828125,30490.75,11940685378,29348.119921875,28349.7205078125,72.81784044754387
2023-04-16,30315.35546875,30555.537109375,30157.83203125,30315.9765625,12854816417,29575.24140625,28446.1013671875,76.64259998819618
2023-04-17,29445.044921875,30319.197265625,29275.37109375,30317.146484375,17872186762,29727.1599609375,28528.740234375,68.6673840413222
2023-04-18,30397.552734375,30470.302734375,29154.849609375,29449.091796875,19480529496,29972.1357421875,28607.369466145832,72.26331242654376
2023-04-19,28822.6796875,30411.0546875,28669.8984375,30394.1875,24571565421,30021.0986328125,28642.550911458333,54.904855165281276
2023-04-20,28245.98828125,29076.400390625,28037.2578125,28823.68359375,21340360360,29880.3994140625,28644.889973958332,51.43871491543621
2023-04-21,27276.91015625,28349.96875,27177.365234375,28249.23046875,20759504330,29584.5845703125,28643.872395833332,45.874792909046846
2023-04-22,27817.5,27872.142578125,27169.5703125,27265.89453125,13125734602,29352.429296875,28626.656640625,49.22298368395023
2023-04-23,27591.384765625,27820.244140625,27400.314453125,27816.14453125,12785446832,29071.6611328125,28629.926627604167,45.491485144565075
2023-04-24,27525.33984375,27979.982421875,27070.849609375,27591.73046875,17703288330,28775.6251953125,28630.947721354165,34.7399684755938
2023-04-25,28307.59765625,28371.078125,27207.931640625,27514.873046875,17733373139,28574.5353515625,28641.389973958332,36.56159529820606
2023-04-26,28422.701171875,29995.837890625,27324.548828125,28300.05859375,31854242019,28385.269921875,28684.150390625,38.06524828551313
2023-04-27,29473.787109375,29871.546875,28402.88671875,28428.46484375,27153445027,28388.144140625,28757.672265625,44.20369808914361
2023-04-28,29340.26171875,29572.791015625,28929.609375,29481.013671875,17544464887,28282.4150390625,28790.732942708335,42.86645326747443
2023-04-29,29248.48828125,29452.455078125,29088.04296875,29336.56640625,10662634333,28324.9958984375,28831.23046875,43.27301223530729
2023-04-30,29268.806640625,29952.029296875,29114.021484375,29245.515625,14652199272,28427.277734375,28857.574544270832,43.434675862292046
2023-05-01,28091.568359375,29329.935546875,27680.79296875,29227.103515625,18655599976,28508.7435546875,28846.925651041667,41.8240706307422
2023-05-02,28680.537109375,28881.298828125,27924.123046875,28087.17578125,16432924527,28595.047265625,28862.9666015625,39.151576239277595
2023-05-03,29006.30859375,29259.533203125,28178.388671875,28680.494140625,19122972518,28736.5396484375,28903.502864583334,51.377651618166986
2023-05-04,28847.7109375,29353.185546875,28694.0390625,29031.3046875,15548678514,28868.7767578125,28926.156901041668,54.81650257395429
2023-05-05,29534.384765625,29668.908203125,28845.509765625,28851.48046875,17936566518,28991.45546875,28971.370247395833,68.92563894235036
2023-05-06,28904.623046875,29820.126953125,28468.966796875,29538.859375,15913866714,29039.64765625,29000.052994791666,58.97968448566866
2023-05-07,28454.978515625,29157.517578125,28441.3671875,28901.623046875,11301355486,28937.766796875,29017.690299479167,56.87928944296052
2023-05-08,27694.2734375,28663.271484375,27310.134765625,28450.45703125,19122903752,28773.16796875,29009.239583333332,51.211614374525475
2023-05-09,27658.775390625,27821.400390625,27375.6015625,27695.068359375,14128593256,28614.1966796875,28986.763736979166,44.788296560840834
2023-05-10,27621.755859375,28322.6875,26883.669921875,27654.63671875,20656025026,28449.4916015625,28919.05625,43.48462846157513
2023-05-11,27000.7890625,27621.94140625,26781.826171875,27621.0859375,16724343943,28340.413671875,28811.247265625,28.369508433871616
2023-05-12,26804.990234375,27055.646484375,25878.4296875,26987.662109375,19313599897,28152.858984375,28700.111848958335,28.06378989783734
2023-05-13,26784.078125,27030.482421875,26710.873046875,26807.76953125,9999171605,27930.6359375,28579.612239583334,28.412192311061474
2023-05-14,26930.638671875,27150.9765625,26661.35546875,26788.974609375,10014858959,27738.9287109375,28461.110221354167,29.9612529744887
2023-05-15,27192.693359375,27646.34765625,26766.09765625,26931.384765625,14413231792,27504.7595703125,28356.916796875,40.863111049698745
2023-05-16,27036.650390625,27299.3046875,26878.947265625,27171.513671875,12732238816,27317.9623046875,28247.626627604168,31.677620866269947
2023-05-17,27398.802734375,27465.927734375,26600.14453125,27035.470703125,15140006925,27212.3447265625,28179.4185546875,32.227247854964645
2023-05-18,26832.208984375,27466.52734375,26415.1015625,27401.650390625,15222938600,27126.13828125,28060.573763020835,29.560398945157132
2023-05-19,26890.12890625,27128.619140625,26700.2109375,26826.75390625,11258983301,27049.2736328125,27996.155403645833,19.264495887506328
2023-05-20,27129.5859375,27155.158203125,26843.27734375,26888.841796875,7044911360,27000.056640625,27958.9419921875,27.309011938985293
2023-05-21,26753.826171875,27265.91796875,26706.921875,27118.423828125,8647416921,26975.3603515625,27941.505859375,27.83481018134438
2023-05-22,26851.27734375,27045.734375,26549.734375,26749.892578125,11056770492,26979.9890625,27909.2984375,36.72107281390907
2023-05-23,27225.7265625,27434.68359375,26816.1796875,26855.9609375,13697203143,27024.15390625,27897.109830729165,43.83672452795783
2023-05-24,26334.818359375,27224.603515625,26106.576171875,27224.603515625,16299104428,26964.571875,27857.42578125,35.26529148206687
2023-05-25,26476.20703125,26591.51953125,25890.59375,26329.4609375,13851122697,26892.9232421875,27796.379427083335,43.25287609263384
2023-05-26,26719.291015625,26916.669921875,26343.94921875,26474.181640625,12711619225,26861.1873046875,27739.599088541665,48.910991053239776
2023-05-27,26868.353515625,26888.8828125,26621.140625,26720.181640625,7892015141,26808.1423828125,27652.751302083332,51.03713734804924
2023-05-28,28085.646484375,28193.44921875,26802.751953125,26871.158203125,14545229578,26933.4861328125,27610.930794270833,61.249454042973476
2023-05-29,27745.884765625,28432.0390625,27563.876953125,28075.591796875,15181308984,27019.06171875,27560.844010416666,55.307589616662625
2023-05-30,27702.349609375,28044.759765625,27588.501953125,27745.123046875,13251081851,27076.3380859375,27508.628776041667,56.52797792379818
2023-05-31,27219.658203125,27831.677734375,26866.453125,27700.529296875,15656371534,27122.9212890625,27479.565104166668,48.28384431446951
2023-06-01,26819.97265625,27346.10546875,26671.720703125,27218.412109375,14678970415,27119.7908203125,27417.5462890625,49.878906918947465
2023-06-02,27249.58984375,27303.861328125,26574.64453125,26824.556640625,14837415000,27122.1771484375,27358.988997395834,53.313526542563956
2023-06-03,27075.12890625,27317.052734375,26958.00390625,27252.32421875,8385597470,27196.208203125,27299.9029296875,49.491924585733216
2023-06-04,27119.06640625,27407.01953125,26968.224609375,27075.123046875,9360912318,27260.494140625,27219.392317708334,53.63254960875932
2023-06-05,25760.09765625,27129.982421875,25445.16796875,27123.109375,21513292646,27164.5748046875,27114.5748046875,41.324480851507886
2023-06-06,27238.783203125,27313.8203125,25434.8671875,25732.109375,21929670693,27201.6177734375,27074.0349609375,50.08830311918055
2023-06-07,26345.998046875,27332.181640625,26146.98828125,27235.650390625,19530045082,27027.6529296875,27029.092447916668,50.07558994225901
2023-06-08,26508.216796875,26797.513671875,26246.6640625,26347.654296875,11904824295,26903.8861328125,26990.740494791666,50.215821767486645
2023-06-09,26480.375,26770.2890625,26339.314453125,26505.923828125,11015551640,26781.688671875,26952.694466145833,48.340986562703186
2023-06-10,25851.240234375,26531.044921875,25501.8359375,26481.76171875,19872933189,26644.846875,26914.376171875,43.37870084903252
2023-06-11,25940.16796875,26203.439453125,25668.986328125,25854.03125,10732609603,26556.86640625,26885.548763020834,33.627930282795774
2023-06-12,25902.5,26087.919921875,25675.197265625,25934.28515625,11677889997,26422.157421875,26856.162825520834,35.253295150966494
2023-06-13,25918.728515625,26376.3515625,25728.365234375,25902.94140625,14143474486,26306.5173828125,26822.432486979167,35.66878001318226
2023-06-14,25124.67578125,26041.80078125,24902.15234375,25920.2578125,14265717766,26107.0783203125,26753.498567708335,33.96912943500212
2023-06-15,25576.39453125,25735.30859375,24797.16796875,25121.673828125,15837384409,26088.7080078125,26704.823372395833,40.55927984394563
2023-06-16,26327.462890625,26463.173828125,25245.357421875,25575.283203125,16324646965,25997.5759765625,26669.112044270834,43.325366488527145
2023-06-17,26510.67578125,26769.39453125,26174.4921875,26328.6796875,11090276850,26014.04375,26658.394270833334,45.91948767967668
2023-06-18,26336.212890625,26675.92578125,26325.890625,26510.45703125,9565695129,25996.843359375,26639.930403645834,44.445463769774875
2023-06-19,26851.029296875,26984.611328125,26312.83203125,26335.44140625,12826986222,26033.9087890625,26630.645182291668,58.79383282244567
2023-06-20,28327.48828125,28388.96875,26668.791015625,26841.6640625,22211859147,26281.53359375,26683.1005859375,58.77903616241509
2023-06-21,30027.296875,30737.330078125,28283.41015625,28311.310546875,33346760979,26690.246484375,26788.967903645833,76.26640199938626
2023-06-22,29912.28125,30495.998046875,29679.158203125,29995.935546875,20653160491,27091.224609375,26878.5197265625,74.45302439885367
2023-06-23,30695.46875,31389.5390625,29845.21484375,29896.3828125,24115570085,27568.8986328125,27023.874739583334,77.31482583085051
2023-06-24,30548.6953125,30804.1484375,30290.146484375,30708.73828125,12147822496,28111.3005859375,27159.624348958332,82.47058661520545
2023-06-25,30480.26171875,31041.271484375,30327.943359375,30545.150390625,12703464114,28601.6873046875,27284.9900390625,81.47201414131786
2023-06-26,30271.130859375,30636.029296875,29955.744140625,30480.5234375,16493186997,28996.0541015625,27398.415950520834,79.5802578133658
2023-06-27,30688.1640625,31006.787109375,30236.650390625,30274.3203125,16428827944,29413.8029296875,27485.166536458335,80.63152893031601
2023-06-28,30086.24609375,30703.279296875,29921.822265625,30696.560546875,14571500779,29788.80625,27563.178580729167,82.67183450302446
2023-06-29,30445.3515625,30796.25,30057.203125,30086.1875,13180860821,30148.2384765625,27654.611979166668,82.45787088128851
2023-06-30,30477.251953125,31256.86328125,29600.275390625,30441.353515625,26387306197,30363.21484375,27763.1984375,80.59748779091268
2023-07-01,30590.078125,30641.2890625,30328.865234375,30471.84765625,9086606733,30419.49296875,27888.868619791665,80.39398527226405
2023-07-02,30620.76953125,30766.140625,30264.01953125,30587.26953125,10533418042,30490.341796875,28001.241276041666,82.62137698131221
2023-07-03,31156.439453125,31375.61328125,30586.513671875,30624.515625,15271884873,30536.4388671875,28137.2849609375,82.67638729783766
2023-07-04,30777.58203125,31325.197265625,30659.35546875,31156.865234375,12810828427,30559.3275390625,28259.235481770833,72.31272189138616
2023-07-05,30514.166015625,30877.330078125,30225.61328125,30778.724609375,12481622280,30562.71796875,28417.704427083332,56.00486021814132
2023-07-06,29909.337890625,31460.052734375,29892.2265625,30507.150390625,21129219509,30526.538671875,28506.722916666666,49.96761105410867
2023-07-07,30342.265625,30434.64453125,29777.28515625,29907.998046875,13384770155,30491.948828125,28639.9318359375,45.78869514754471
2023-07-08,30292.541015625,30374.4375,30080.16015625,30346.921875,7509378699,30512.5783203125,28766.0759765625,46.873469823671236
2023-07-09,30171.234375,30427.58984375,30085.591796875,30291.611328125,7903327692,30485.1666015625,28889.104622395833,46.27618312418214
2023-07-10,30414.470703125,31026.083984375,29985.39453125,30172.423828125,14828209155,30478.8884765625,29041.2123046875,51.71318096550668
2023-07-11,30620.951171875,30788.314453125,30358.09765625,30417.6328125,12151839152,30481.97578125,29197.238411458333,49.1541055365984
2023-07-12,30391.646484375,30959.96484375,30228.8359375,30622.24609375,14805659717,30459.0634765625,29346.876627604168,54.24134763996461
2023-07-13,31476.048828125,31814.515625,30268.3515625,30387.48828125,23686079548,30491.0244140625,29532.120638020835,61.913998915425296
2023-07-14,30334.068359375,31582.25390625,29966.38671875,31474.720703125,20917902660,30446.673046875,29705.767057291665,48.6829217111849
2023-07-15,30295.806640625,30407.78125,30263.462890625,30331.783203125,8011667756,30424.837109375,29863.080794270834,47.255487222196116
2023-07-16,30249.1328125,30437.560546875,30089.669921875,30297.47265625,8516564470,30458.8166015625,29993.803125,46.54424531248865
2023-07-17,30145.888671875,30336.400390625,29685.783203125,30249.626953125,13240156074,30439.17890625,30114.976888020832,39.781360673519096
2023-07-18,29856.5625,30233.65625,29556.427734375,30147.0703125,13138897269,30395.5810546875,30232.321875,40.514953226664225
2023-07-19,29913.923828125,30184.181640625,29794.26953125,29862.046875,12128602812,30369.85,30334.418359375,43.544475990182825
2023-07-20,29792.015625,30195.53125,29638.095703125,29915.25,14655207121,30307.6044921875,30383.2359375,48.59195438671995
2023-07-21,29908.744140625,30045.998046875,29733.8515625,29805.111328125,10972789818,30236.3837890625,30379.2841796875,44.36976230855903
2023-07-22,29771.802734375,29991.615234375,29664.12109375,29908.697265625,7873300598,30174.3994140625,30374.6015625,43.386873060346545
2023-07-23,30084.5390625,30330.640625,29741.52734375,29790.111328125,9220145050,30035.2484375,30354.237239583334,48.950060458805694
2023-07-24,29176.916015625,30093.39453125,28934.294921875,30081.662109375,15395817395,29919.533203125,30308.511263020835,37.089904572204915
2023-07-25,29227.390625,29353.16015625,29062.43359375,29178.970703125,10266772793,29812.6916015625,30266.748893229167,34.97336073428254
2023-07-26,29354.97265625,29675.552734375,29113.912109375,29225.759765625,13497554655,29723.2755859375,30236.210286458332,38.57091486168442
2023-07-27,29210.689453125,29560.966796875,29099.3515625,29353.798828125,10770779217,29629.7556640625,30186.9611328125,18.494010987100594
2023-07-28,29319.24609375,29521.513671875,29125.845703125,29212.1640625,11218474952,29576.0240234375,30161.394466145834,30.192415166008303
2023-07-29,29356.91796875,29396.84375,29264.166015625,29319.4453125,6481775959,29520.3234375,30125.113346354166,31.67028778553012
2023-07-30,29275.30859375,29443.169921875,29059.501953125,29357.09375,8678454527,29468.652734375,30085.048567708334,31.244094085358142
2023-07-31,29230.111328125,29489.873046875,29131.578125,29278.314453125,11656781982,29400.789453125,30039.716341145835,31.958681171197796
2023-08-01,29675.732421875,29675.732421875,28657.0234375,29230.873046875,18272392391,29391.182421875,30008.215104166666,46.64420407994613
2023-08-02,29151.958984375,29987.998046875,28946.509765625,29704.146484375,19212655598,29297.9244140625,29941.399088541668,37.946291190286985
2023-08-03,29178.6796875,29375.70703125,28959.48828125,29161.8125,12780357746,29298.10078125,29888.10234375,39.996215466128426
2023-08-04,29074.091796875,29302.078125,28885.3359375,29174.3828125,12036639988,29282.7708984375,29840.099869791666,36.33231627359546
2023-08-05,29042.126953125,29102.46484375,28957.796875,29075.388671875,6598366353,29251.486328125,29811.192838541665,37.62591233864739
2023-08-06,29041.85546875,29160.822265625,28963.833984375,29043.701171875,7269806994,29234.6029296875,29767.845833333333,30.22176941315945
2023-08-07,29180.578125,29244.28125,28724.140625,29038.513671875,13618163710,29220.7361328125,29730.780403645833,50.09807275272173
2023-08-08,29765.4921875,30176.796875,29113.814453125,29180.01953125,17570561357,29261.5935546875,29717.2556640625,61.20355640572695
2023-08-09,29561.494140625,30093.435546875,29376.80078125,29766.6953125,18379521213,29290.212109375,29688.823111979167,54.16728082157769
2023-08-10,29429.591796875,29688.564453125,29354.447265625,29563.97265625,11865344789,29310.16015625,29649.1111328125,54.439288243598014
2023-08-11,29397.71484375,29517.7734375,29253.517578125,29424.90234375,10195168197,29282.3583984375,29615.980078125,51.642408276795834
2023-08-12,29415.96484375,29465.11328125,29357.587890625,29399.787109375,6194358008,29308.758984375,29547.310611979166,51.2460247721199
2023-08-13,29282.9140625,29441.43359375,29265.806640625,29416.59375,7329897180,29319.182421875,29512.272135416668,50.15708250906028
2023-08-14,29408.443359375,29660.25390625,29124.10546875,29283.263671875,14013695304,29352.617578125,29482.693359375,53.56495284263857
2023-08-15,29170.34765625,29439.12109375,29088.853515625,29408.048828125,12640195779,29365.4396484375,29446.733854166665,38.982997446253385
2023-08-16,28701.779296875,29221.9765625,28701.779296875,29169.07421875,14949271904,29331.43203125,29398.596875,39.944402175051124
2023-08-17,26664.55078125,28745.947265625,25409.111328125,28699.802734375,31120851211,29079.829296875,29292.196484375,20.414779716364478
2023-08-18,26049.556640625,26808.1953125,25668.921875,26636.078125,24026236529,28708.2357421875,29163.384244791665,18.22544849876641
2023-08-19,26096.205078125,26249.44921875,25802.408203125,26047.83203125,10631443812,28361.7068359375,29040.190559895833,19.146517182325994
2023-08-20,26189.583984375,26260.681640625,26004.314453125,26096.861328125,9036580420,28037.7060546875,28916.2185546875,20.698800353934715
2023-08-21,26124.140625,26220.201171875,25846.087890625,26188.69140625,13371557893,27710.3486328125,28794.629817708334,18.121456968644083
2023-08-22,26031.65625,26135.5078125,25520.728515625,26130.748046875,14503820706,27371.9177734375,28659.533723958335,6.597930748267075
2023-08-23,26431.640625,26786.8984375,25804.998046875,26040.474609375,16985265785,27086.7904296875,28568.024544270833,15.204020346664564
2023-08-24,26162.373046875,26554.91015625,25914.92578125,26431.51953125,12871532023,26762.1833984375,28465.857291666667,14.753406843100223
2023-08-25,26047.66796875,26248.103515625,25786.8125,26163.6796875,12406045118,26449.9154296875,28355.613802083335,14.494379045352659
2023-08-26,26008.462890625,26107.384765625,25983.87890625,26047.234375,6034817316,26180.5837890625,28248.872916666667,14.045145508015779
2023-08-27,26089.693359375,26165.373046875,25965.09765625,26008.2421875,6913768611,26123.098046875,28141.221158854165,15.933627907383794
2023-08-28,26106.150390625,26198.578125,25880.599609375,26089.615234375,11002805166,26128.757421875,28032.862239583334,13.930585575937656
2023-08-29,27727.392578125,28089.337890625,25912.62890625,26102.486328125,29368391712,26291.876171875,27981.2650390625,37.89637375984985
2023-08-30,27297.265625,27760.16015625,27069.20703125,27726.083984375,16343655235,26402.6443359375,27916.836848958334,38.14235355923473
2023-08-31,25931.47265625,27456.078125,25752.9296875,27301.9296875,20181001451,26383.3775390625,27792.028190104167,43.01958123736281
2023-09-01,25800.724609375,26125.869140625,25362.609375,25934.021484375,17202862221,26360.284375,27680.320377604166,47.38990017856572
2023-09-02,25868.798828125,25970.28515625,25753.09375,25800.91015625,10100387473,26304.0001953125,27569.991015625,47.62531776100457
2023-09-03,25969.56640625,26087.1484375,25817.03125,25869.47265625,8962524523,26284.71953125,27466.5068359375,47.70601361701227
2023-09-04,25812.416015625,26081.525390625,25657.025390625,25968.169921875,10680635106,26261.1943359375,27358.8498046875,46.81082938857396
2023-09-05,25779.982421875,25858.375,25589.98828125,25814.95703125,11094740040,26238.3462890625,27250.120703125,47.3931618571413
2023-09-06,25753.236328125,25953.015625,25404.359375,25783.931640625,12752705327,26204.7005859375,27135.8759765625,42.38423519165978
2023-09-07,26240.1953125,26409.302734375,25608.201171875,25748.3125,11088307100,26218.105078125,27018.366080729167,50.83292256840751
2023-09-08,25905.654296875,26414.005859375,25677.48046875,26245.208984375,10817356400,26035.93125,26896.504752604167,48.54835521784355
2023-09-09,25895.677734375,25921.9765625,25810.494140625,25905.42578125,5481314132,25895.7724609375,26778.7076171875,48.84019490092268
2023-09-10,25832.2265625,25978.130859375,25640.26171875,25895.2109375,7899553047,25885.8478515625,26659.8580078125,47.34267146756911
2023-09-11,25162.654296875,25883.947265625,24930.296875,25831.71484375,14600006467,25822.0408203125,26518.080989583334,41.418990308949745
2023-09-12,25833.34375,26451.939453125,25133.078125,25160.658203125,18657279324,25818.4953125,26403.0953125,29.17267841855883
2023-09-13,26228.32421875,26376.11328125,25781.123046875,25837.5546875,13072077070,25844.37109375,26297.091341145835,38.15415370177015
2023-09-14,26539.673828125,26774.623046875,26171.451171875,26228.27734375,13811359124,25917.096875,26209.402213541667,58.79554335109583
2023-09-15,26608.693359375,26840.498046875,26240.701171875,26533.818359375,11479735788,25999.96796875,26139.632682291667,61.896901191990814
2023-09-16,26568.28125,26754.76953125,26473.890625,26606.19921875,7402031417,26081.4724609375,26136.423697916667,60.38408968471522
2023-09-17,26534.1875,26617.998046875,26445.07421875,26567.927734375,6774210670,26110.8716796875,26152.578059895834,58.55130201431221
2023-09-18,26754.28125,27414.734375,26415.515625,26532.994140625,15615339655,26195.734375,26174.513932291666,63.997861286676404
2023-09-19,27211.1171875,27488.763671875,26681.60546875,26760.8515625,13807690550,26327.2783203125,26208.5650390625,68.88678102406145
2023-09-20,27132.0078125,27379.505859375,26864.08203125,27210.228515625,13281116604,26457.2564453125,26242.160611979165,67.94768729326998
2023-09-21,26567.6328125,27152.939453125,26389.30078125,27129.83984375,13371443708,26597.754296875,26260.026497395833,54.17809748628302
2023-09-22,26579.568359375,26726.078125,26495.533203125,26564.056640625,10578746709,26672.3767578125,26264.957421875,59.370603846183094
2023-09-23,26579.390625,26634.185546875,26520.51953125,26578.556640625,7404700301,26707.4833984375,26278.8580078125,59.53283106791041
2023-09-24,26256.826171875,26716.05859375,26221.05078125,26579.373046875,8192867686,26679.1986328125,26285.829947916667,55.521151270325745
2023-09-25,26298.48046875,26421.5078125,26011.46875,26253.775390625,11997833257,26648.17734375,26295.497200520833,67.65190289530508
2023-09-26,26217.25,26389.884765625,26090.712890625,26294.7578125,9985498161,26613.07421875,26299.749088541666,57.30461927236241
2023-09-27,26352.716796875,26817.841796875,26111.46484375,26209.498046875,11718380997,26594.9271484375,26307.96796875,52.6261794076922
2023-09-28,27021.546875,27259.5,26327.322265625,26355.8125,14079002707,26621.6537109375,26284.439778645832,58.83911611346731
2023-09-29,26911.720703125,27225.9375,26721.763671875,27024.841796875,10396435377,26591.7140625,26271.58828125,55.47651891772831
2023-09-30,26967.916015625,27091.794921875,26888.96875,26911.689453125,5331172801,26575.3048828125,26306.136393229168,57.181505043932155
2023-10-01,27983.75,28047.23828125,26965.09375,26967.396484375,9503917434,26716.9166015625,26378.90390625,69.25495295329992
2023-10-02,27530.78515625,28494.458984375,27347.787109375,27976.798828125,19793041322,26812.03828125,26434.303450520834,59.713584016137105
2023-10-03,27429.978515625,27667.19140625,27216.001953125,27508.251953125,11407814187,26897.0970703125,26482.983854166665,53.005535418578816
2023-10-04,27799.39453125,27826.658203125,27248.10546875,27429.07421875,11143355314,27051.35390625,26549.216471354168,58.48816631839803
2023-10-05,27415.912109375,28091.861328125,27375.6015625,27798.646484375,11877253670,27163.0970703125,26603.7474609375,61.30923025085447
2023-10-06,27946.59765625,28252.537109375,27215.552734375,27412.123046875,13492391599,27336.0318359375,26676.859505208333,66.0106130624207
2023-10-07,27968.83984375,28028.091796875,27870.423828125,27946.78125,6553044316,27497.644140625,26734.480989583335,66.1895212494322
2023-10-08,27935.08984375,28102.169921875,27740.662109375,27971.677734375,7916875290,27588.9984375,26802.128841145834,70.96579627087561
2023-10-09,27583.677734375,27989.470703125,27302.5625,27934.47265625,12007668568,27656.194140625,26858.3955078125,64.90207295260431
2023-10-10,27391.01953125,27715.84765625,27301.654296875,27589.201171875,9973350678,27698.5044921875,26910.3552734375,63.26721910504277
2023-10-11,26873.3203125,27474.115234375,26561.099609375,27392.076171875,13648094333,27587.4615234375,26967.377473958335,55.41640537907664
2023-10-12,26756.798828125,26921.439453125,26558.3203125,26873.29296875,9392909295,27510.062890625,26998.159309895833,46.88787573084445
2023-10-13,26862.375,27092.697265625,26686.322265625,26752.87890625,15165312851,27453.3025390625,27019.2943359375,49.419359049610385
2023-10-14,26861.70703125,26969.0,26814.5859375,26866.203125,5388116782,27359.5337890625,27030.028776041665,48.733712962518794
2023-10-15,27159.65234375,27289.169921875,26817.89453125,26858.01171875,7098201980,27333.9078125,27048.394075520835,38.14530485091233
2023-10-16,28519.466796875,29448.138671875,27130.47265625,27162.62890625,27833876539,27391.1947265625,27113.43359375,61.279424367326804
2023-10-17,28415.748046875,28618.751953125,28110.185546875,28522.09765625,14872527508,27435.885546875,27176.152278645834,61.23873374359029
2023-10-18,28328.341796875,28889.009765625,28174.251953125,28413.53125,12724128586,27475.2107421875,27228.620963541667,56.44494874664034
2023-10-19,28719.806640625,28892.474609375,28177.98828125,28332.416015625,14448058195,27588.8236328125,27278.910611979165,65.85643573763016
2023-10-20,29682.94921875,30104.0859375,28601.669921875,28732.8125,21536125230,27818.0166015625,27363.9419921875,69.10589897951377
2023-10-21,29918.412109375,30287.482421875,29481.751953125,29683.380859375,11541146996,28122.52578125,27475.634635416667,70.4905803530556
2023-10-22,29993.896484375,30199.43359375,29720.3125,29918.654296875,10446520040,28446.235546875,27589.445572916666,71.45048482443556
2023-10-23,33086.234375,34370.4375,30097.828125,30140.685546875,38363572311,29068.621484375,27806.340364583335,86.48958444773884
2023-10-24,33901.52734375,35150.43359375,32880.76171875,33077.3046875,44934999645,29772.603515625,28061.163736979168,89.88042739096166
2023-10-25,34502.8203125,35133.7578125,33709.109375,33916.04296875,25254318008,30506.9203125,28334.641731770833,96.26110073429341
2023-10-26,34156.6484375,34832.91015625,33762.32421875,34504.2890625,19427195376,31070.6384765625,28599.288346354166,93.65291585697204
2023-10-27,33909.80078125,34238.2109375,33416.88671875,34156.5,16418032871,31620.04375,28851.191145833334,90.89233056734807
2023-10-28,34089.57421875,34399.390625,33874.8046875,33907.72265625,10160330825,32196.1669921875,29086.792057291666,91.08537287238389
2023-10-29,34538.48046875,34743.26171875,33947.56640625,34089.37109375,11160323986,32778.034375,29341.0173828125,91.23578561879656
2023-10-30,34502.36328125,34843.93359375,34110.97265625,34531.7421875,17184860315,33259.97578125,29592.165625,89.24023958858278
2023-10-31,34667.78125,34719.25390625,34083.30859375,34500.078125,15758270810,33734.9126953125,29814.966666666667,90.6762282322701
2023-11-01,35437.25390625,35527.9296875,34170.69140625,34657.2734375,22446272005,34279.2484375,30078.515625,92.48090394045377
2023-11-02,34938.2421875,35919.84375,34401.57421875,35441.578125,20998158544,34464.44921875,30328.791080729166,86.68809371977314
2023-11-03,34732.32421875,34942.47265625,34133.44140625,34942.47265625,17158456701,34547.52890625,30559.888736979166,82.71376668917367
2023-11-04,35082.1953125,35256.03125,34616.69140625,34736.32421875,9561294264,34605.46640625,30815.431510416667,82.96628304506226
2023-11-05,35049.35546875,35340.33984375,34594.2421875,35090.01171875,12412743996,34694.737109375,31052.190104166668,82.45142369550265
2023-11-06,35037.37109375,35286.02734375,34765.36328125,35044.7890625,12693436420,34807.494140625,31287.8078125,70.71746345655642
2023-11-07,35443.5625,35892.41796875,34545.81640625,35047.79296875,18834737789,34942.89296875,31538.090234375,67.93140695505713
2023-11-08,35655.27734375,35994.41796875,35147.80078125,35419.4765625,17295394918,35054.57265625,31807.1435546875,64.73640413138186
2023-11-09,36693.125,37926.2578125,35592.1015625,35633.6328125,37762672382,35273.648828125,32117.213736979167,77.55893013267237
2023-11-10,37313.96875,37493.80078125,36362.75390625,36702.25,22711265155,35538.267578125,32465.2353515625,84.2064854655202
2023-11-11,37138.05078125,37407.09375,36773.66796875,37310.0703125,13924272142,35708.347265625,32811.277083333334,80.65610450910793
2023-11-12,37054.51953125,37227.69140625,36779.1171875,37133.9921875,11545715999,35919.975,33151.015234375,77.30859570426776
2023-11-13,36502.35546875,37405.1171875,36399.60546875,37070.3046875,19057712790,36096.978125,33472.37018229167,69.52077827206887
2023-11-14,35537.640625,36753.3515625,34948.5,36491.7890625,23857403554,36142.52265625,33751.636458333334,57.34427501157623
2023-11-15,37880.58203125,37964.89453125,35383.78125,35548.11328125,27365821679,36425.6453125,34063.6736328125,66.2986503346282
2023-11-16,36154.76953125,37934.625,35545.47265625,37879.98046875,26007385366,36537.38515625,34321.641015625,56.97366706271242
2023-11-17,36596.68359375,36704.484375,35901.234375,36164.82421875,22445028430,36652.697265625,34597.25240885417,60.40577816808978
2023-11-18,36585.703125,36839.28125,36233.3125,36625.37109375,11886022717,36745.73984375,34859.448958333334,58.72165165238656
2023-11-19,37386.546875,37509.35546875,36414.59765625,36585.765625,12915986553,36815.08203125,35116.235546875,62.448552435840085
2023-11-20,37476.95703125,37756.8203125,36882.53125,37374.07421875,20888209068,36831.380859375,35368.18704427083,62.886278439056284
2023-11-21,35813.8125,37631.140625,35813.8125,37469.16015625,25172163756,36698.95703125,35562.184244791664,51.72646439094335
2023-11-22,37432.33984375,37856.98046875,35670.97265625,35756.5546875,24397247860,36736.7390625,35707.054427083334,57.325317469927626
2023-11-23,37289.62109375,37643.91796875,36923.86328125,37420.43359375,14214948217,36815.465625,35819.990885416664,52.65475971506486
2023-11-24,37720.28125,38415.33984375,37261.60546875,37296.31640625,22922957823,37033.7296875,35927.239583333336,51.83947008774337
2023-11-25,37796.79296875,37892.4296875,37617.41796875,37721.4140625,9099571165,37025.35078125,36048.577734375,53.00936368620016
2023-11-26,37479.12109375,37820.30078125,37162.75,37796.828125,13744796068,37157.7859375,36167.555078125,51.89910085441892
2023-11-27,37254.16796875,37559.35546875,36750.12890625,37454.19140625,19002925720,37223.534375,36273.04153645833,53.463997563769276
2023-11-28,37831.0859375,38368.48046875,36891.08984375,37247.9921875,21696137014,37348.07265625,36382.79505208333,60.958732799111246
2023-11-29,37858.4921875,38366.11328125,37612.6328125,37826.10546875,20728546658,37395.2671875,36494.666015625,49.86445408433041
2023-11-30,37712.74609375,38141.75390625,37531.140625,37861.1171875,18115982627,37418.84609375,36596.16484375,61.85962395748589
2023-12-01,38688.75,38954.109375,37629.359375,37718.0078125,23512784002,37706.33984375,36704.548046875,64.72768431432831
2023-12-02,39476.33203125,39678.9375,38652.59375,38689.27734375,15534035612,37910.7390625,36855.817708333336,68.34365451706924
2023-12-03,39978.390625,40135.60546875,39298.1640625,39472.20703125,15769696322,38179.616015625,37030.68658854167,67.09588984622995
2023-12-04,41980.09765625,42371.75,39978.62890625,39978.62890625,39856129827,38605.59765625,37260.61666666667,73.72169169151043
2023-12-05,44080.6484375,44408.6640625,41421.1484375,41986.265625,36312154535,39233.983203125,37561.659765625,91.62968540750987
2023-12-06,43746.4453125,44265.76953125,43478.08203125,44080.0234375,29909761586,39860.715625,37851.962239583336,86.52013225240744
2023-12-07,43292.6640625,44042.58984375,42880.6484375,43769.1328125,27635760671,40464.565234375,38113.598958333336,83.51500628305912
2023-12-08,44166.6015625,44705.515625,43125.296875,43293.13671875,24421116687,41098.116796875,38397.309765625,84.29247196353347
2023-12-09,43725.984375,44361.2578125,43627.59765625,44180.01953125,17368210171,41684.866015625,38631.73841145833,80.36519705220891
2023-12-10,43779.69921875,44034.625,43593.28515625,43728.3828125,13000481418,42291.561328125,38847.26276041667,83.16380115059278
2023-12-11,41243.83203125,43808.375,40234.578125,43792.01953125,40632672038,42547.06953125,38984.12213541667,66.89090767166857
2023-12-12,41450.22265625,42048.3046875,40667.5625,41238.734375,24779520132,42744.45859375,39130.64557291667,65.81850478516688
2023-12-13,42890.7421875,43429.78125,40676.8671875,41468.46484375,26797884674,43035.69375,39343.591796875,69.57665686204786
2023-12-14,43023.97265625,43390.859375,41767.08984375,42884.26171875,25578530178,43140.08125,39593.13619791667,70.6820821628423
2023-12-15,41929.7578125,43087.82421875,41692.96875,43028.25,19639442462,42924.9921875,39728.108723958336,62.50545617216665
2023-12-16,42240.1171875,42664.9453125,41723.11328125,41937.7421875,14386729590,42774.359375,39930.95364583333,61.071834876024006
2023-12-17,41364.6640625,42359.49609375,41274.54296875,42236.109375,16678702876,42581.559375,40089.886328125,55.392152095987434
2023-12-18,42623.5390625,42720.296875,40530.2578125,41348.203125,25224642008,42427.253125,40291.14752604167,52.65627706130332
2023-12-19,42270.52734375,43354.296875,41826.3359375,42641.51171875,23171001281,42281.707421875,40453.946875,41.2674141583708
2023-12-20,43652.25,44275.5859375,42223.81640625,42261.30078125,27868908174,42268.9625,40659.78997395833,49.587286069595535
2023-12-21,43869.15234375,44240.66796875,43330.05078125,43648.125,22452766169,42531.49453125,40928.30130208333,52.57940828865687
2023-12-22,43997.90234375,44367.95703125,43441.96875,43868.98828125,21028503216,42786.2625,41147.15338541667,49.19125013810939
2023-12-23,43739.54296875,44015.69921875,43351.35546875,44012.19921875,13507796558,42871.142578125,41362.15078125,50.06615644942473
2023-12-24,43016.1171875,43945.5234375,42786.91796875,43728.3671875,18830554085,42870.35703125,41538.67864583333,46.50281078284354
2023-12-25,43613.140625,43765.09375,42765.76953125,43010.57421875,21115795370,43038.6953125,41732.556901041666,63.19472996555473
2023-12-26,42520.40234375,43603.17578125,41676.48828125,43599.84765625,30026850982,43066.723828125,41900.599609375,55.42435178871389
2023-12-27,43442.85546875,43683.16015625,42167.58203125,42518.46875,25260941032,43274.54296875,42106.88919270833,52.95357688711833
2023-12-28,42627.85546875,43804.78125,42318.55078125,43468.19921875,22992093014,43274.974609375,42266.781510416666,48.02500114909307
2023-12-29,42099.40234375,43124.32421875,41424.0625,42614.64453125,26000021055,43257.862109375,42408.145182291664,50.896401802009336
2023-12-30,42156.90234375,42584.125,41556.2265625,42091.75390625,16013925945,43108.32734375,42556.28372395833,49.548220174536354
